Dates,log_inflow
1/5/1930,2.759637632
1/12/1930,2.815338621
1/19/1930,3.586997778
1/26/1930,3.379031617
2/2/1930,3.217402342
2/9/1930,3.843954341
2/16/1930,3.305907856
2/23/1930,3.093116872
3/2/1930,2.966057213
3/9/1930,3.042976941
3/16/1930,2.890901439
3/23/1930,2.988630293
3/30/1930,2.871946362
4/6/1930,3.20490101
4/13/1930,3.340775163
4/20/1930,3.028371952
4/27/1930,2.922590531
5/4/1930,2.562994308
5/11/1930,1.973497309
5/18/1930,2.56816651
5/25/1930,2.820148894
6/1/1930,2.36470105
6/8/1930,2.83049885
6/15/1930,2.959880535
6/22/1930,3.22201896
6/29/1930,2.684126926
7/6/1930,1.723291446
7/13/1930,1.723291446
7/20/1930,1.723291446
7/27/1930,1.723291446
8/3/1930,2.702180573
8/10/1930,2.678354463
8/17/1930,2.454936281
8/24/1930,2.32697045
8/31/1930,2.164887958
9/7/1930,2.189546457
9/14/1930,2.630580411
9/21/1930,2.704365036
9/28/1930,2.326007968
10/5/1930,2.439758883
10/12/1930,2.384944498
10/19/1930,2.298743943
10/26/1930,2.191059582
11/2/1930,2.15812115
11/9/1930,2.086644521
11/16/1930,2.105850674
11/23/1930,2.281510601
11/30/1930,2.133187499
12/7/1930,2.443388171
12/14/1930,2.461633566
12/21/1930,2.169733198
12/28/1930,3.112608353
1/4/1931,2.87852754
1/11/1931,3.313740708
1/18/1931,3.03741056
1/25/1931,3.212187604
2/1/1931,2.749689947
2/8/1931,2.756187131
2/15/1931,2.927852645
2/22/1931,3.109632535
3/1/1931,2.866009538
3/8/1931,2.125448733
3/15/1931,2.009663317
3/22/1931,2.045127307
3/29/1931,2.535977311
4/5/1931,3.521309413
4/12/1931,3.677241846
4/19/1931,2.821238323
4/26/1931,3.065542371
5/3/1931,2.907207065
5/10/1931,3.00517193
5/17/1931,2.470072215
5/24/1931,3.387761665
5/31/1931,2.482201622
6/7/1931,2.912328358
6/14/1931,2.680797669
6/21/1931,2.899410081
6/28/1931,2.972822816
7/5/1931,2.495599835
7/12/1931,2.562554552
7/19/1931,2.451648299
7/26/1931,3.196690068
8/2/1931,3.128143916
8/9/1931,3.294314086
8/16/1931,4.06512726
8/23/1931,3.404614804
8/30/1931,3.156857954
9/6/1931,2.825536463
9/13/1931,2.648155015
9/20/1931,2.484869033
9/27/1931,2.726156466
10/4/1931,2.270492504
10/11/1931,2.165422401
10/18/1931,2.587362941
10/25/1931,2.313382058
11/1/1931,2.112605002
11/8/1931,2.139879086
11/15/1931,2.067480024
11/22/1931,2.352819017
11/29/1931,1.839980558
12/6/1931,1.985606083
12/13/1931,2.55946373
12/20/1931,2.192818257
12/27/1931,2.701895956
1/3/1932,2.92917872
1/10/1932,3.936309113
1/17/1932,3.15677926
1/24/1932,2.737653736
1/31/1932,3.248929134
2/7/1932,3.59736166
2/14/1932,3.330632895
2/21/1932,3.148904828
2/28/1932,3.28723947
3/6/1932,3.577172281
3/13/1932,3.41453382
3/20/1932,2.737208551
3/27/1932,2.907013434
4/3/1932,3.569169005
4/10/1932,3.222784081
4/17/1932,3.241977075
4/24/1932,2.941516402
5/1/1932,3.017421525
5/8/1932,3.055947587
5/15/1932,2.944181523
5/22/1932,2.769015263
5/29/1932,2.799698867
6/5/1932,2.48689782
6/12/1932,2.135736744
6/19/1932,2.534901432
6/26/1932,2.259426627
7/3/1932,2.972568455
7/10/1932,2.078964045
7/17/1932,1.625003601
7/24/1932,1.460145817
7/31/1932,1.293583514
8/7/1932,2.168556407
8/14/1932,2.536798248
8/21/1932,2.087426457
8/28/1932,1.804071249
9/4/1932,1.961800639
9/11/1932,2.063108083
9/18/1932,1.921998431
9/25/1932,0.526339277
10/2/1932,1.727622578
10/9/1932,2.097847077
10/16/1932,1.898560645
10/23/1932,3.40996185
10/30/1932,2.341018828
11/6/1932,2.821906377
11/13/1932,3.214690229
11/20/1932,2.952031641
11/27/1932,3.312849865
12/4/1932,2.9192978
12/11/1932,2.800833882
12/18/1932,3.676466803
12/25/1932,3.81136451
1/1/1933,3.826044984
1/8/1933,3.17681159
1/15/1933,3.664863766
1/22/1933,3.232886888
1/29/1933,3.386384803
2/5/1933,3.055939951
2/12/1933,3.347082055
2/19/1933,3.603329531
2/26/1933,3.407905633
3/5/1933,3.029598842
3/12/1933,2.978326627
3/19/1933,2.906518204
3/26/1933,3.199604354
4/2/1933,2.835620825
4/9/1933,3.165552943
4/16/1933,3.642786906
4/23/1933,3.844186928
4/30/1933,3.16554701
5/7/1933,2.611287733
5/14/1933,2.911008378
5/21/1933,2.149680882
5/28/1933,2.324303037
6/4/1933,2.551413399
6/11/1933,2.695359076
6/18/1933,2.253919261
6/25/1933,2.422409257
7/2/1933,2.213438063
7/9/1933,2.149865453
7/16/1933,2.375645327
7/23/1933,2.097500252
7/30/1933,2.23884868
8/6/1933,2.844340466
8/13/1933,2.498020928
8/20/1933,2.374601724
8/27/1933,2.74548858
9/3/1933,2.230653247
9/10/1933,2.30427505
9/17/1933,1.74390155
9/24/1933,1.385069776
10/1/1933,1.417471693
10/8/1933,2.000347297
10/15/1933,1.737192643
10/22/1933,2.089233731
10/29/1933,1.385963571
11/5/1933,1.926085087
11/12/1933,1.983400738
11/19/1933,1.983400738
11/26/1933,1.983400738
12/3/1933,1.888291845
12/10/1933,1.823865309
12/17/1933,1.716670976
12/24/1933,2.070739563
12/31/1933,2.207984247
1/7/1934,2.017409009
1/14/1934,1.93358851
1/21/1934,1.917872955
1/28/1934,1.991181758
2/4/1934,1.852601969
2/11/1934,1.537315273
2/18/1934,1.2757719
2/25/1934,1.454082271
3/4/1934,3.388735121
3/11/1934,3.045944631
3/18/1934,2.558024198
3/25/1934,3.086655193
4/1/1934,3.526760442
4/8/1934,3.278234423
4/15/1934,4.236828876
4/22/1934,3.713171215
4/29/1934,3.013165983
5/6/1934,2.432953265
5/13/1934,2.140067869
5/20/1934,2.993308348
5/27/1934,2.81723473
6/3/1934,3.342683179
6/10/1934,3.687028387
6/17/1934,2.953580913
6/24/1934,3.42742768
7/1/1934,2.950282077
7/8/1934,3.343672439
7/15/1934,2.887037479
7/22/1934,2.83394991
7/29/1934,3.706654639
8/5/1934,3.433358539
8/12/1934,3.037207303
8/19/1934,2.493722869
8/26/1934,3.347433453
9/2/1934,2.999756727
9/9/1934,3.460341469
9/16/1934,2.993074535
9/23/1934,2.589446913
9/30/1934,2.245956606
10/7/1934,2.757396029
10/14/1934,2.602591676
10/21/1934,2.429736135
10/28/1934,2.343270701
11/4/1934,2.21420783
11/11/1934,2.183212883
11/18/1934,2.141857223
11/25/1934,2.22729525
12/2/1934,4.18793226
12/9/1934,3.392885048
12/16/1934,3.03889027
12/23/1934,3.56100473
12/30/1934,3.166545555
1/6/1935,3.615974237
1/13/1935,3.176424091
1/20/1935,3.071082612
1/27/1935,3.639994197
2/3/1935,3.09185681
2/10/1935,3.100711643
2/17/1935,3.578618583
2/24/1935,3.345246267
3/3/1935,3.157320746
3/10/1935,3.107067443
3/17/1935,3.527017333
3/24/1935,3.205961823
3/31/1935,3.717691302
4/7/1935,3.768945772
4/14/1935,3.722284208
4/21/1935,3.693151611
4/28/1935,3.488327872
5/5/1935,3.126534007
5/12/1935,3.084250882
5/19/1935,3.060108311
5/26/1935,3.394013663
6/2/1935,2.857398842
6/9/1935,2.78146096
6/16/1935,2.643077442
6/23/1935,2.533441574
6/30/1935,2.361878869
7/7/1935,2.557122061
7/14/1935,3.021094157
7/21/1935,3.307461806
7/28/1935,3.078848159
8/4/1935,2.69756932
8/11/1935,2.466615567
8/18/1935,2.190331698
8/25/1935,2.112638511
9/1/1935,1.904553263
9/8/1935,3.573263916
9/15/1935,3.126261319
9/22/1935,2.409747199
9/29/1935,2.627355614
10/6/1935,2.47099817
10/13/1935,2.220813897
10/20/1935,2.140602308
10/27/1935,2.023458238
11/3/1935,2.928544347
11/10/1935,2.859096247
11/17/1935,3.150624443
11/24/1935,2.565127331
12/1/1935,2.561923855
12/8/1935,2.576514112
12/15/1935,3.515517523
12/22/1935,3.018995752
12/29/1935,2.708131841
1/5/1936,4.030029057
1/12/1936,3.942639926
1/19/1936,3.976921019
1/26/1936,3.581221244
2/2/1936,3.053351233
2/9/1936,3.828545186
2/16/1936,4.195700717
2/23/1936,3.576468049
3/1/1936,3.229940244
3/8/1936,2.90368131
3/15/1936,3.337606996
3/22/1936,4.006283301
3/29/1936,3.575060772
4/5/1936,3.950836869
4/12/1936,4.31830547
4/19/1936,3.43251232
4/26/1936,3.247629621
5/3/1936,3.045248634
5/10/1936,2.840451134
5/17/1936,2.752010013
5/24/1936,2.589379844
5/31/1936,2.425420089
6/7/1936,2.331346302
6/14/1936,3.185363641
6/21/1936,2.711984284
6/28/1936,2.597201389
7/5/1936,2.423049168
7/12/1936,2.302330929
7/19/1936,2.075145327
7/26/1936,3.540184269
8/2/1936,3.210936207
8/9/1936,3.121500752
8/16/1936,2.795462894
8/23/1936,2.761582069
8/30/1936,3.705645655
9/6/1936,2.833669736
9/13/1936,3.263034503
9/20/1936,2.711773496
9/27/1936,2.663295646
10/4/1936,3.688660041
10/11/1936,3.090452049
10/18/1936,3.33822534
10/25/1936,3.064783588
11/1/1936,2.758434966
11/8/1936,2.546332868
11/15/1936,2.898933505
11/22/1936,2.78843707
11/29/1936,2.772417065
12/6/1936,2.432038808
12/13/1936,3.384462736
12/20/1936,3.315766788
12/27/1936,2.87464414
1/3/1937,3.955427962
1/10/1937,3.684271606
1/17/1937,3.492377594
1/24/1937,4.042843173
1/31/1937,3.695028758
2/7/1937,3.634404714
2/14/1937,3.676572905
2/21/1937,3.506461736
2/28/1937,3.557379662
3/7/1937,3.393943539
3/14/1937,3.218033702
3/21/1937,3.386097481
3/28/1937,3.293645362
4/4/1937,2.960513586
4/11/1937,3.771771888
4/18/1937,3.025342738
4/25/1937,3.551619535
5/2/1937,3.904253964
5/9/1937,3.323190201
5/16/1937,3.209986585
5/23/1937,2.993321579
5/30/1937,2.873820305
6/6/1937,2.97746295
6/13/1937,3.086559133
6/20/1937,2.692855728
6/27/1937,2.51125485
7/4/1937,2.376485709
7/11/1937,2.763015967
7/18/1937,2.083538451
7/25/1937,2.037187371
8/1/1937,3.245894975
8/8/1937,3.594868577
8/15/1937,3.931405488
8/22/1937,3.148491599
8/29/1937,3.682145076
9/5/1937,3.541056028
9/12/1937,3.827246464
9/19/1937,2.97494439
9/26/1937,2.741135835
10/3/1937,2.539816028
10/10/1937,3.232416665
10/17/1937,2.639297191
10/24/1937,2.750091643
10/31/1937,2.488917174
11/7/1937,2.632487661
11/14/1937,3.209262943
11/21/1937,2.893839407
11/28/1937,2.754172441
12/5/1937,2.70006305
12/12/1937,2.638539173
12/19/1937,2.596685045
12/26/1937,2.814047721
1/2/1938,3.104620247
1/9/1938,3.738462646
1/16/1938,3.268236205
1/23/1938,3.049438991
1/30/1938,3.35616741
2/6/1938,3.203622974
2/13/1938,3.067784789
2/20/1938,3.021474599
2/27/1938,3.329627679
3/6/1938,3.076032078
3/13/1938,3.532504683
3/20/1938,3.127283017
3/27/1938,2.876806511
4/3/1938,2.904282658
4/10/1938,3.591821179
4/17/1938,3.089516544
4/24/1938,2.816791279
5/1/1938,2.682379767
5/8/1938,2.785500671
5/15/1938,2.838030083
5/22/1938,2.783338915
5/29/1938,3.068760828
6/5/1938,2.620947646
6/12/1938,3.091396098
6/19/1938,3.310325759
6/26/1938,3.855276198
7/3/1938,3.360095223
7/10/1938,2.901109438
7/17/1938,3.108855809
7/24/1938,3.650936648
7/31/1938,3.993269976
8/7/1938,3.581077693
8/14/1938,3.128751344
8/21/1938,2.966155818
8/28/1938,2.738986562
9/4/1938,2.649101095
9/11/1938,2.370383541
9/18/1938,2.228913406
9/25/1938,2.753061899
10/2/1938,2.513577143
10/9/1938,2.570939694
10/16/1938,2.510504796
10/23/1938,2.500140381
10/30/1938,2.728629695
11/6/1938,2.018409207
11/13/1938,1.842546837
11/20/1938,2.933977996
11/27/1938,2.606639285
12/4/1938,2.509377281
12/11/1938,3.457639714
12/18/1938,2.857603846
12/25/1938,2.719621272
1/1/1939,3.482261712
1/8/1939,3.092559245
1/15/1939,3.297589823
1/22/1939,3.430652225
1/29/1939,3.345114841
2/5/1939,3.745704686
2/12/1939,4.02561304
2/19/1939,3.917154046
2/26/1939,3.683077672
3/5/1939,3.865112269
3/12/1939,3.486049153
3/19/1939,3.744935733
3/26/1939,3.194103441
4/2/1939,3.761306007
4/9/1939,3.573237231
4/16/1939,3.13604165
4/23/1939,3.189271286
4/30/1939,3.246562588
5/7/1939,3.664659836
5/14/1939,2.840582804
5/21/1939,2.630356673
5/28/1939,2.656969751
6/4/1939,2.732120229
6/11/1939,2.806973194
6/18/1939,2.674291502
6/25/1939,2.979389013
7/2/1939,2.681865087
7/9/1939,3.618228056
7/16/1939,2.846973858
7/23/1939,3.219951086
7/30/1939,3.54550133
8/6/1939,2.804459751
8/13/1939,2.803743819
8/20/1939,4.171426877
8/27/1939,3.332020124
9/3/1939,4.013882489
9/10/1939,3.329853294
9/17/1939,3.026798744
9/24/1939,2.900983989
10/1/1939,2.86651772
10/8/1939,2.895549611
10/15/1939,2.633690596
10/22/1939,2.552022986
10/29/1939,2.428102383
11/5/1939,2.545888261
11/12/1939,2.538184001
11/19/1939,2.33160948
11/26/1939,2.695218919
12/3/1939,2.348207477
12/10/1939,2.256741793
12/17/1939,2.244672878
12/24/1939,2.299855815
12/31/1939,2.993048058
1/7/1940,2.840858554
1/14/1940,3.133190695
1/21/1940,3.353558497
1/28/1940,2.897049481
2/4/1940,2.787410879
2/11/1940,3.812627296
2/18/1940,3.219872563
2/25/1940,3.598764251
3/3/1940,3.069427578
3/10/1940,3.308453425
3/17/1940,3.426317656
3/24/1940,3.06761385
3/31/1940,3.026324851
4/7/1940,3.299123608
4/14/1940,3.705848324
4/21/1940,3.690587655
4/28/1940,3.550788293
5/5/1940,2.910432291
5/12/1940,2.483401844
5/19/1940,2.378506915
5/26/1940,3.569486273
6/2/1940,3.266911074
6/9/1940,2.665158685
6/16/1940,2.764489967
6/23/1940,3.382307076
6/30/1940,2.47070443
7/7/1940,1.924847633
7/14/1940,2.076967952
7/21/1940,1.891704676
7/28/1940,1.784046416
8/4/1940,2.300899688
8/11/1940,2.238146506
8/18/1940,3.926810964
8/25/1940,3.29745191
9/1/1940,3.133915559
9/8/1940,2.491123467
9/15/1940,2.574332274
9/22/1940,2.269512944
9/29/1940,2.076967952
10/6/1940,2.1491267
10/13/1940,2.111396949
10/20/1940,2.079289806
10/27/1940,2.06228107
11/3/1940,2.355394045
11/10/1940,1.983084773
11/17/1940,3.649183901
11/24/1940,2.627785608
12/1/1940,2.54329804
12/8/1940,2.598232238
12/15/1940,2.628674959
12/22/1940,2.864154956
12/29/1940,3.363450264
1/5/1941,3.328491731
1/12/1941,2.999091375
1/19/1941,3.443233251
1/26/1941,3.157924961
2/2/1941,3.035125425
2/9/1941,3.007252622
2/16/1941,3.244338982
2/23/1941,3.043193244
3/2/1941,2.893734028
3/9/1941,3.481852363
3/16/1941,3.176603424
3/23/1941,2.878900776
3/30/1941,3.465399212
4/6/1941,3.758654569
4/13/1941,3.452427429
4/20/1941,3.171521687
4/27/1941,3.236073498
5/4/1941,2.839100783
5/11/1941,2.455788615
5/18/1941,2.318564155
5/25/1941,2.172223341
6/1/1941,2.146003934
6/8/1941,2.66122566
6/15/1941,2.878378156
6/22/1941,2.66122566
6/29/1941,2.497468724
7/6/1941,3.235914595
7/13/1941,3.619999601
7/20/1941,3.504959933
7/27/1941,3.556067194
8/3/1941,3.171904814
8/10/1941,2.221596786
8/17/1941,2.148077977
8/24/1941,2.155973345
8/31/1941,2.278524965
9/7/1941,2.306510806
9/14/1941,1.944581364
9/21/1941,1.498861689
9/28/1941,1.130333769
10/5/1941,2.080914959
10/12/1941,2.071808392
10/19/1941,1.920645001
10/26/1941,1.920645001
11/2/1941,1.901785145
11/9/1941,1.850707485
11/16/1941,1.850707485
11/23/1941,1.850707485
11/30/1941,1.850707485
12/7/1941,1.95206559
12/14/1941,2.356178886
12/21/1941,2.386070702
12/28/1941,2.52146499
1/4/1942,2.37892455
1/11/1942,2.194680813
1/18/1942,2.182813951
1/25/1942,2.381854828
2/1/1942,2.394136353
2/8/1942,2.639695617
2/15/1942,2.663795122
2/22/1942,3.642991487
3/1/1942,2.661055085
3/8/1942,3.25734973
3/15/1942,3.557554118
3/22/1942,2.787857039
3/29/1942,3.117817964
4/5/1942,2.975096192
4/12/1942,2.9007439
4/19/1942,2.736539915
4/26/1942,2.569280251
5/3/1942,2.906421246
5/10/1942,2.468967308
5/17/1942,3.303750995
5/24/1942,2.929858107
5/31/1942,2.243732365
6/7/1942,2.206340058
6/14/1942,2.791437997
6/21/1942,2.22055262
6/28/1942,2.155244917
7/5/1942,2.28123796
7/12/1942,2.497717302
7/19/1942,2.257390549
7/26/1942,1.928293412
8/2/1942,2.56088657
8/9/1942,3.334980215
8/16/1942,2.972744211
8/23/1942,3.598527882
8/30/1942,2.700236296
9/6/1942,2.864255888
9/13/1942,3.231087121
9/20/1942,2.57881106
9/27/1942,3.022333501
10/4/1942,3.313012549
10/11/1942,2.216482597
10/18/1942,3.873521133
10/25/1942,2.913092961
11/1/1942,3.208000388
11/8/1942,2.587419093
11/15/1942,2.523447299
11/22/1942,2.435238989
11/29/1942,3.576294117
12/6/1942,3.373136453
12/13/1942,3.591593234
12/20/1942,3.295503325
12/27/1942,3.130574976
1/3/1943,3.833303965
1/10/1943,3.22671072
1/17/1943,3.08767496
1/24/1943,3.65382492
1/31/1943,3.896019981
2/7/1943,3.852737322
2/14/1943,3.367769515
2/21/1943,3.031149831
2/28/1943,2.908951233
3/7/1943,3.685228341
3/14/1943,3.366419221
3/21/1943,3.248564192
3/28/1943,3.562974113
4/4/1943,3.205469625
4/11/1943,3.026565948
4/18/1943,3.105363692
4/25/1943,3.790266159
5/2/1943,2.965911613
5/9/1943,2.516165041
5/16/1943,2.510826406
5/23/1943,2.372506963
5/30/1943,2.737256271
6/6/1943,2.506991819
6/13/1943,2.896046465
6/20/1943,2.554404352
6/27/1943,2.421044248
7/4/1943,2.686716687
7/11/1943,3.914042591
7/18/1943,3.540005197
7/25/1943,3.033994397
8/1/1943,2.710125831
8/8/1943,2.111598525
8/15/1943,1.912859475
8/22/1943,1.753123245
8/29/1943,1.865873528
9/5/1943,2.30418883
9/12/1943,2.216218701
9/19/1943,1.941908774
9/26/1943,1.921842481
10/3/1943,2.129818744
10/10/1943,2.15998805
10/17/1943,1.863560765
10/24/1943,1.792671789
10/31/1943,1.602494069
11/7/1943,1.42373725
11/14/1943,1.970486349
11/21/1943,2.224688417
11/28/1943,2.034628457
12/5/1943,1.517063873
12/12/1943,0.696356389
12/19/1943,0.696356389
12/26/1943,0.767155866
1/2/1944,2.349704811
1/9/1944,3.653454686
1/16/1944,3.661577971
1/23/1944,3.299905891
1/30/1944,2.876471875
2/6/1944,2.610606937
2/13/1944,3.498594476
2/20/1944,3.948650589
2/27/1944,3.524148068
3/5/1944,3.18000825
3/12/1944,3.756111748
3/19/1944,3.735210735
3/26/1944,3.864090822
4/2/1944,3.732626126
4/9/1944,3.127953112
4/16/1944,4.111110887
4/23/1944,3.291726175
4/30/1944,3.378239782
5/7/1944,2.98606375
5/14/1944,2.669567899
5/21/1944,2.380012144
5/28/1944,2.996914259
6/4/1944,2.283120235
6/11/1944,2.155912689
6/18/1944,2.293163596
6/25/1944,2.212347438
7/2/1944,1.623972512
7/9/1944,1.623972512
7/16/1944,1.623972512
7/23/1944,1.623972512
7/30/1944,1.623972512
8/6/1944,3.243885956
8/13/1944,3.07861992
8/20/1944,2.260381488
8/27/1944,2.472522423
9/3/1944,2.093001197
9/10/1944,0.662757832
9/17/1944,1.124504225
9/24/1944,3.048787392
10/1/1944,3.7643271
10/8/1944,3.77678542
10/15/1944,3.422847451
10/22/1944,4.199560469
10/29/1944,3.606901347
11/5/1944,3.004523424
11/12/1944,2.521661015
11/19/1944,2.521634883
11/26/1944,2.53379747
12/3/1944,3.723861863
12/10/1944,3.617695285
12/17/1944,3.369868664
12/24/1944,3.050677434
12/31/1944,3.069982421
1/7/1945,3.540657262
1/14/1945,3.459797942
1/21/1945,3.228284839
1/28/1945,3.051526819
2/4/1945,2.859246407
2/11/1945,2.886338413
2/18/1945,4.002828881
2/25/1945,3.744160718
3/4/1945,3.407397704
3/11/1945,3.376553234
3/18/1945,3.069808646
3/25/1945,3.019211866
4/1/1945,2.869566115
4/8/1945,2.525446506
4/15/1945,2.478725179
4/22/1945,3.162776424
4/29/1945,2.902698946
5/6/1945,2.550240587
5/13/1945,2.392380348
5/20/1945,2.75893459
5/27/1945,2.563172461
6/3/1945,2.570250977
6/10/1945,2.077803798
6/17/1945,2.459663837
6/24/1945,2.777673264
7/1/1945,2.109409791
7/8/1945,2.641821011
7/15/1945,2.991832778
7/22/1945,3.814338175
7/29/1945,3.722969384
8/5/1945,3.05795123
8/12/1945,3.266725467
8/19/1945,3.203394648
8/26/1945,3.547420236
9/2/1945,2.838030083
9/9/1945,2.993083361
9/16/1945,3.752738926
9/23/1945,4.65270013
9/30/1945,3.238229322
10/7/1945,3.072525611
10/14/1945,2.937011087
10/21/1945,2.803545877
10/28/1945,2.834503358
11/4/1945,2.741380115
11/11/1945,2.72260102
11/18/1945,2.76783091
11/25/1945,2.862000117
12/2/1945,2.748428374
12/9/1945,3.601835186
12/16/1945,3.052605458
12/23/1945,3.057472111
12/30/1945,4.07542724
1/6/1946,3.645724795
1/13/1946,3.650605695
1/20/1946,3.401171269
1/27/1946,3.59350316
2/3/1946,3.849337707
2/10/1946,3.951151422
2/17/1946,3.866753881
2/24/1946,3.482644947
3/3/1946,3.200182681
3/10/1946,3.055565619
3/17/1946,2.974958192
3/24/1946,3.172173678
3/31/1946,2.961330903
4/7/1946,3.255098753
4/14/1946,3.424997542
4/21/1946,3.275594648
4/28/1946,3.280116061
5/5/1946,3.388676563
5/12/1946,3.133379212
5/19/1946,3.404296501
5/26/1946,3.543628564
6/2/1946,3.18488157
6/9/1946,2.926100533
6/16/1946,2.74369003
6/23/1946,3.157387251
6/30/1946,2.882507462
7/7/1946,3.326806774
7/14/1946,3.767822016
7/21/1946,2.835772985
7/28/1946,2.682731565
8/4/1946,2.833854417
8/11/1946,2.868391663
8/18/1946,2.729577821
8/25/1946,2.799574867
9/1/1946,2.849032246
9/8/1946,2.447778009
9/15/1946,2.953034457
9/22/1946,2.712944181
9/29/1946,2.858567272
10/6/1946,2.751078851
10/13/1946,3.477464212
10/20/1946,3.009552871
10/27/1946,2.730491572
11/3/1946,2.819491291
11/10/1946,2.516165041
11/17/1946,2.506640306
11/24/1946,3.424845716
12/1/1946,2.894615091
12/8/1946,2.597782913
12/15/1946,2.553105939
12/22/1946,2.961914438
12/29/1946,2.934851803
1/5/1947,3.076520295
1/12/1947,3.158971284
1/19/1947,3.853567417
1/26/1947,3.853322147
2/2/1947,3.150928282
2/9/1947,3.132698246
2/16/1947,3.038250477
2/23/1947,3.277535871
3/2/1947,3.32884627
3/9/1947,3.068493842
3/16/1947,3.67972762
3/23/1947,3.199604354
3/30/1947,3.01539329
4/6/1947,3.15810908
4/13/1947,3.282889358
4/20/1947,3.444202551
4/27/1947,3.081559722
5/4/1947,2.840501298
5/11/1947,2.842858762
5/18/1947,2.576249182
5/25/1947,2.753460489
6/1/1947,2.834687684
6/8/1947,2.753629014
6/15/1947,2.543596268
6/22/1947,2.673149978
6/29/1947,2.795615886
7/6/1947,2.799657538
7/13/1947,3.160714572
7/20/1947,2.728191399
7/27/1947,2.649373807
8/3/1947,2.587228147
8/10/1947,3.225146391
8/17/1947,2.585505849
8/24/1947,2.625322742
8/31/1947,2.476672252
9/7/1947,2.063521
9/14/1947,2.209863383
9/21/1947,2.16479882
9/28/1947,3.529013057
10/5/1947,2.631220476
10/12/1947,3.123096684
10/19/1947,3.403123954
10/26/1947,2.971994438
11/2/1947,3.078630791
11/9/1947,3.727529871
11/16/1947,3.982874303
11/23/1947,3.697677359
11/30/1947,3.316538543
12/7/1947,2.830755426
12/14/1947,2.79586612
12/21/1947,3.141803963
12/28/1947,2.776853669
1/4/1948,2.779690266
1/11/1948,2.762701065
1/18/1948,3.72795421
1/25/1948,3.230259834
2/1/1948,3.069745775
2/8/1948,3.676826164
2/15/1948,4.253218025
2/22/1948,3.639544259
2/29/1948,3.429348473
3/7/1948,3.767910956
3/14/1948,3.73337143
3/21/1948,3.333035961
3/28/1948,3.310875911
4/4/1948,3.745703906
4/11/1948,3.478137761
4/18/1948,3.522024082
4/25/1948,3.069316524
5/2/1948,2.900159492
5/9/1948,2.900159492
5/16/1948,2.900159492
5/23/1948,2.900159492
5/30/1948,2.900159492
6/6/1948,3.118185335
6/13/1948,3.028412633
6/20/1948,3.05204336
6/27/1948,2.691452828
7/4/1948,2.865400118
7/11/1948,2.318981064
7/18/1948,3.082857149
7/25/1948,3.035765836
8/1/1948,2.510357312
8/8/1948,3.430273443
8/15/1948,2.91104569
8/22/1948,2.641999309
8/29/1948,2.607572964
9/5/1948,2.002079626
9/12/1948,1.389166084
9/19/1948,1.389166084
9/26/1948,1.298634783
10/3/1948,2.955793546
10/10/1948,3.73204699
10/17/1948,2.785087702
10/24/1948,2.675053914
10/31/1948,2.60853673
11/7/1948,3.21428208
11/14/1948,2.962056645
11/21/1948,3.23700808
11/28/1948,3.812126237
12/5/1948,4.088704731
12/12/1948,3.46414066
12/19/1948,3.333465412
12/26/1948,3.395261725
1/2/1949,3.911658756
1/9/1949,3.797350651
1/16/1949,3.320694522
1/23/1949,3.410832887
1/30/1949,3.289334722
2/6/1949,3.635973058
2/13/1949,3.716626777
2/20/1949,3.571906723
2/27/1949,3.330679545
3/6/1949,3.130221159
3/13/1949,2.941044091
3/20/1949,2.985534248
3/27/1949,3.337928246
4/3/1949,3.054639862
4/10/1949,3.182842459
4/17/1949,3.136511295
4/24/1949,3.082088505
5/1/1949,2.952555138
5/8/1949,3.577095239
5/15/1949,3.54271964
5/22/1949,2.9368303
5/29/1949,2.875495341
6/5/1949,2.709914139
6/12/1949,2.601136134
6/19/1949,2.640590742
6/26/1949,2.475075259
7/3/1949,2.736675317
7/10/1949,2.988723904
7/17/1949,3.705804719
7/24/1949,3.577360802
7/31/1949,2.935854764
8/7/1949,3.196278458
8/14/1949,2.737542483
8/21/1949,3.125429212
8/28/1949,3.248397539
9/4/1949,3.678557528
9/11/1949,2.891197248
9/18/1949,3.190031791
9/25/1949,2.902269482
10/2/1949,2.542750757
10/9/1949,1.40790054
10/16/1949,1.228400359
10/23/1949,1.048441804
10/30/1949,2.005266333
11/6/1949,3.882866488
11/13/1949,3.061290342
11/20/1949,2.910640411
11/27/1949,2.851013607
12/4/1949,2.78488107
12/11/1949,2.508152493
12/18/1949,3.108165722
12/25/1949,2.774918229
1/1/1950,2.916438156
1/8/1950,2.855622114
1/15/1950,2.888207585
1/22/1950,3.420976708
1/29/1950,3.109733745
2/5/1950,3.25089064
2/12/1950,3.290128142
2/19/1950,3.177721144
2/26/1950,3.186541044
3/5/1950,2.84229089
3/12/1950,2.743705702
3/19/1950,2.762678564
3/26/1950,3.488416741
4/2/1950,2.919538305
4/9/1950,2.825737607
4/16/1950,2.711106734
4/23/1950,2.749597195
4/30/1950,2.71238871
5/7/1950,3.297701434
5/14/1950,3.06391853
5/21/1950,3.321950363
5/28/1950,2.818687663
6/4/1950,3.593299362
6/11/1950,2.996783021
6/18/1950,2.423655393
6/25/1950,2.776984327
7/2/1950,3.858807194
7/9/1950,3.827440357
7/16/1950,4.024224109
7/23/1950,3.660036873
7/30/1950,3.5042234
8/6/1950,2.985745229
8/13/1950,2.434552937
8/20/1950,2.022552084
8/27/1950,1.996818022
9/3/1950,1.977037335
9/10/1950,2.363423933
9/17/1950,2.61658053
9/24/1950,2.803368336
10/1/1950,2.366348233
10/8/1950,2.539565346
10/15/1950,2.463086333
10/22/1950,2.2175629
10/29/1950,2.809384615
11/5/1950,2.346919926
11/12/1950,2.333487578
11/19/1950,2.256188383
11/26/1950,2.430880946
12/3/1950,2.391799305
12/10/1950,3.371874715
12/17/1950,2.798222354
12/24/1950,2.519315986
12/31/1950,2.490309708
1/7/1951,2.713650119
1/14/1951,3.038624135
1/21/1951,2.945468585
1/28/1951,2.824379695
2/4/1951,2.983490972
2/11/1951,3.305028754
2/18/1951,3.039116555
2/25/1951,3.152484039
3/4/1951,2.732707304
3/11/1951,2.618790472
3/18/1951,3.223103783
3/25/1951,3.172722579
4/1/1951,2.770645857
4/8/1951,3.642766146
4/15/1951,3.646162493
4/22/1951,2.95436313
4/29/1951,2.983955378
5/6/1951,2.807399713
5/13/1951,2.688855678
5/20/1951,2.515913564
5/27/1951,2.443497678
6/3/1951,2.24127247
6/10/1951,2.766985084
6/17/1951,2.792902735
6/24/1951,2.746766491
7/1/1951,3.136136889
7/8/1951,2.473735067
7/15/1951,2.244697601
7/22/1951,2.455286549
7/29/1951,2.791269481
8/5/1951,2.713582936
8/12/1951,2.677780271
8/19/1951,2.471262366
8/26/1951,2.326438277
9/2/1951,2.109814696
9/9/1951,1.873553094
9/16/1951,1.919862254
9/23/1951,1.984662306
9/30/1951,1.918292513
10/7/1951,1.935255282
10/14/1951,1.917032622
10/21/1951,1.878119485
10/28/1951,1.857392811
11/4/1951,2.1069724
11/11/1951,2.404645596
11/18/1951,2.057171442
11/25/1951,2.081383317
12/2/1951,1.926136571
12/9/1951,2.640292572
12/16/1951,2.107074231
12/23/1951,3.744302373
12/30/1951,2.795803575
1/6/1952,2.691258358
1/13/1952,3.597075106
1/20/1952,2.875333336
1/27/1952,3.289773956
2/3/1952,3.824708843
2/10/1952,3.73452541
2/17/1952,3.191118319
2/24/1952,3.113512185
3/2/1952,3.733232585
3/9/1952,4.155338467
3/16/1952,3.673824208
3/23/1952,3.403640333
3/30/1952,3.886407242
4/6/1952,3.02945683
4/13/1952,2.68090634
4/20/1952,2.52728181
4/27/1952,3.283129286
5/4/1952,3.148306444
5/11/1952,2.638988159
5/18/1952,2.6122433
5/25/1952,3.085461836
6/1/1952,2.616307435
6/8/1952,2.112638511
6/15/1952,1.926033597
6/22/1952,2.100405012
6/29/1952,2.267077817
7/6/1952,2.267077817
7/13/1952,2.267077817
7/20/1952,2.267077817
7/27/1952,2.267077817
8/3/1952,2.474958884
8/10/1952,3.316967866
8/17/1952,2.407849603
8/24/1952,2.540542189
8/31/1952,3.358870999
9/7/1952,4.027261517
9/14/1952,2.79202729
9/21/1952,2.746766491
9/28/1952,2.960437479
10/5/1952,2.43272884
10/12/1952,2.420863021
10/19/1952,2.290546554
10/26/1952,2.167524092
11/2/1952,2.172369377
11/9/1952,2.115344196
11/16/1952,2.545492673
11/23/1952,3.93461307
11/30/1952,2.883081989
12/7/1952,2.810091316
12/14/1952,3.103694279
12/21/1952,2.822508056
12/28/1952,2.843257701
1/4/1953,3.574590279
1/11/1953,3.820861926
1/18/1953,3.320194077
1/25/1953,3.764184355
2/1/1953,3.453137856
2/8/1953,3.374229448
2/15/1953,3.801643775
2/22/1953,3.794400203
3/1/1953,3.409740436
3/8/1953,3.752911567
3/15/1953,3.628973046
3/22/1953,3.404997828
3/29/1953,4.018628526
4/5/1953,3.350612363
4/12/1953,3.426535659
4/19/1953,3.618869862
4/26/1953,3.114897751
5/3/1953,3.065676795
5/10/1953,2.875501126
5/17/1953,2.69584927
5/24/1953,2.784046416
5/31/1953,2.685813369
6/7/1953,2.019531685
6/14/1953,3.405460768
6/21/1953,3.071826797
6/28/1953,2.444622429
7/5/1953,2.355662199
7/12/1953,2.321225485
7/19/1953,1.95616843
7/26/1953,2.522065854
8/2/1953,2.102159183
8/9/1953,2.347017601
8/16/1953,2.207014659
8/23/1953,2.099956734
8/30/1953,2.094471129
9/6/1953,2.259402728
9/13/1953,2.3581824
9/20/1953,2.204635401
9/27/1953,2.204608289
10/4/1953,2.67426392
10/11/1953,2.162235724
10/18/1953,2.01123201
10/25/1953,1.909876818
11/1/1953,1.910090546
11/8/1953,1.980866555
11/15/1953,1.946845114
11/22/1953,2.069298012
11/29/1953,2.185542155
12/6/1953,2.153265935
12/13/1953,2.486146997
12/20/1953,3.390827403
12/27/1953,2.601114372
1/3/1954,2.373996384
1/10/1954,2.041313715
1/17/1954,3.627492849
1/24/1954,3.987575554
1/31/1954,3.701616333
2/7/1954,3.249934199
2/14/1954,3.101678351
2/21/1954,3.355006845
2/28/1954,3.484259968
3/7/1954,3.493650409
3/14/1954,3.647647965
3/21/1954,3.320250172
3/28/1954,2.882422071
4/4/1954,3.750035273
4/11/1954,3.156969916
4/18/1954,3.40780885
4/25/1954,3.038711541
5/2/1954,2.836501343
5/9/1954,2.975183569
5/16/1954,3.305815515
5/23/1954,3.575098898
5/30/1954,2.998420643
6/6/1954,2.328175661
6/13/1954,1.982904118
6/20/1954,3.023108357
6/27/1954,2.060773363
7/4/1954,1.689841409
7/11/1954,1.322012439
7/18/1954,2.562007207
7/25/1954,1.753736222
8/1/1954,1.893484346
8/8/1954,2.893867134
8/15/1954,2.369234417
8/22/1954,2.46612587
8/29/1954,2.244153373
9/5/1954,2.108294351
9/12/1954,1.93530569
9/19/1954,1.816440168
9/26/1954,1.792531762
10/3/1954,1.593175263
10/10/1954,0.805500858
10/17/1954,3.04423
10/24/1954,1.948364056
10/31/1954,1.476106717
11/7/1954,1.368100852
11/14/1954,1.741230411
11/21/1954,2.719546723
11/28/1954,2.413316532
12/5/1954,2.460070543
12/12/1954,2.904417981
12/19/1954,3.328057331
12/26/1954,2.48207283
1/2/1955,2.355719639
1/9/1955,2.390705541
1/16/1955,2.841215516
1/23/1955,2.736468215
1/30/1955,2.987916404
2/6/1955,3.185918777
2/13/1955,3.910990253
2/20/1955,3.13817634
2/27/1955,3.410843005
3/6/1955,3.460909865
3/13/1955,3.024428196
3/20/1955,3.202510113
3/27/1955,2.857374717
4/3/1955,2.423016375
4/10/1955,2.263967284
4/17/1955,3.292676867
4/24/1955,2.728654031
5/1/1955,2.755524231
5/8/1955,2.118694508
5/15/1955,2.258852701
5/22/1955,2.033303101
5/29/1955,2.768245801
6/5/1955,2.199179026
6/12/1955,2.428053761
6/19/1955,2.21420783
6/26/1955,2.039810554
7/3/1955,1.632153484
7/10/1955,1.632153484
7/17/1955,1.632153484
7/24/1955,1.632153484
7/31/1955,1.632153484
8/7/1955,2.284137345
8/14/1955,2.524551895
8/21/1955,4.012366836
8/28/1955,2.653742994
9/4/1955,3.467732383
9/11/1955,3.341424632
9/18/1955,3.13218602
9/25/1955,3.164991929
10/2/1955,3.056092647
10/9/1955,1.373647472
10/16/1955,1.183269844
10/23/1955,0.945960704
10/30/1955,0.84135947
11/6/1955,2.276093992
11/13/1955,2.698048323
11/20/1955,2.58368609
11/27/1955,2.630326155
12/4/1955,2.427972714
12/11/1955,2.273510546
12/18/1955,2.180183242
12/25/1955,2.140570889
1/1/1956,2.211013691
1/8/1956,2.516257654
1/15/1956,2.516257654
1/22/1956,2.504633947
1/29/1956,2.618048097
2/5/1956,3.543219722
2/12/1956,3.794520112
2/19/1956,3.216951937
2/26/1956,3.493265608
3/4/1956,3.215690426
3/11/1956,3.123884293
3/18/1956,3.945472524
3/25/1956,3.310911997
4/1/1956,2.98450031
4/8/1956,2.96944853
4/15/1956,3.543798698
4/22/1956,2.981958972
4/29/1956,2.611574624
5/6/1956,3.256621546
5/13/1956,2.570811372
5/20/1956,2.133858125
5/27/1956,2.08870296
6/3/1956,3.138877166
6/10/1956,2.741529767
6/17/1956,2.486954433
6/24/1956,2.456214155
7/1/1956,2.276714495
7/8/1956,1.99206726
7/15/1956,2.394889257
7/22/1956,2.750847675
7/29/1956,2.295171107
8/5/1956,2.798595406
8/12/1956,2.217536583
8/19/1956,2.351216345
8/26/1956,2.490239485
9/2/1956,1.90439092
9/9/1956,2.575291786
9/16/1956,2.100094715
9/23/1956,1.76147678
9/30/1956,2.887167021
10/7/1956,2.239024047
10/14/1956,2.158181498
10/21/1956,2.41788669
10/28/1956,3.13894971
11/4/1956,3.310472392
11/11/1956,3.08762882
11/18/1956,2.845891453
11/25/1956,2.831665051
12/2/1956,2.691779694
12/9/1956,2.482630654
12/16/1956,2.986641874
12/23/1956,3.272013432
12/30/1956,3.335836865
1/6/1957,2.721983639
1/13/1957,2.61936468
1/20/1957,2.51375015
1/27/1957,3.075083223
2/3/1957,4.159073068
2/10/1957,3.580465361
2/17/1957,3.264227348
2/24/1957,3.258737824
3/3/1957,3.971039614
3/10/1957,3.465662376
3/17/1957,3.255064959
3/24/1957,3.546247687
3/31/1957,3.33469094
4/7/1957,2.23932451
4/14/1957,2.520850203
4/21/1957,2.062055247
4/28/1957,2.897780991
5/5/1957,2.906281156
5/12/1957,2.867231715
5/19/1957,2.729148584
5/26/1957,2.899579769
6/2/1957,3.070340843
6/9/1957,3.363985951
6/16/1957,2.78719826
6/23/1957,2.524733559
6/30/1957,2.601614611
7/7/1957,1.940914738
7/14/1957,1.746089043
7/21/1957,2.084254459
7/28/1957,1.890756252
8/4/1957,1.810098041
8/11/1957,2.194514342
8/18/1957,1.802636918
8/25/1957,3.266408108
9/1/1957,2.859120276
9/8/1957,2.470851325
9/15/1957,2.468952557
9/22/1957,2.802985691
9/29/1957,2.826974868
10/6/1957,3.469777848
10/13/1957,2.736053713
10/20/1957,2.471614378
10/27/1957,2.457927291
11/3/1957,2.575499593
11/10/1957,2.471585054
11/17/1957,2.463445032
11/24/1957,3.367763929
12/1/1957,3.850529836
12/8/1957,3.403640333
12/15/1957,3.602152269
12/22/1957,3.160648574
12/29/1957,3.238216775
1/5/1958,2.996507294
1/12/1958,2.884308137
1/19/1958,3.840374621
1/26/1958,3.858225501
2/2/1958,3.343012526
2/9/1958,3.428408573
2/16/1958,3.126611886
2/23/1958,3.119391173
3/2/1958,3.900063289
3/9/1958,3.323445994
3/16/1958,3.35224621
3/23/1958,3.445708484
3/30/1958,3.714741222
4/6/1958,3.60544835
4/13/1958,3.768990129
4/20/1958,3.184430208
4/27/1958,2.967945585
5/4/1958,3.746293167
5/11/1958,4.194219532
5/18/1958,3.377029264
5/25/1958,3.190743382
6/1/1958,3.122068357
6/8/1958,2.596597096
6/15/1958,2.614949918
6/22/1958,2.360650205
6/29/1958,2.871134918
7/6/1958,2.279142006
7/13/1958,2.469527479
7/20/1958,3.109477301
7/27/1958,2.737852333
8/3/1958,2.817803274
8/10/1958,3.21530438
8/17/1958,3.185278609
8/24/1958,2.860050378
8/31/1958,3.061806707
9/7/1958,2.746587498
9/14/1958,2.492955847
9/21/1958,2.350306179
9/28/1958,2.393118735
10/5/1958,2.978463561
10/12/1958,2.90993026
10/19/1958,2.659459809
10/26/1958,2.702990278
11/2/1958,2.68784097
11/9/1958,2.561614121
11/16/1958,2.212320803
11/23/1958,2.231240149
11/30/1958,2.261143868
12/7/1958,2.062243441
12/14/1958,1.973404974
12/21/1958,2.057742156
12/28/1958,3.515028265
1/4/1959,3.933721582
1/11/1959,3.174324434
1/18/1959,3.357059662
1/25/1959,3.539171482
2/1/1959,3.163965983
2/8/1959,3.604012094
2/15/1959,3.580988804
2/22/1959,3.354143028
3/1/1959,3.027219096
3/8/1959,3.486842615
3/15/1959,3.005746614
3/22/1959,2.801472314
3/29/1959,2.865447482
4/5/1959,3.530591539
4/12/1959,3.342708826
4/19/1959,3.738609343
4/26/1959,3.735323387
5/3/1959,3.126667042
5/10/1959,2.978837626
5/17/1959,2.973838775
5/24/1959,2.960551635
5/31/1959,2.729812507
6/7/1959,3.320964233
6/14/1959,2.265713811
6/21/1959,2.059033005
6/28/1959,1.857875026
7/5/1959,2.810003882
7/12/1959,3.480947853
7/19/1959,3.225169665
7/26/1959,3.691536776
8/2/1959,4.038782644
8/9/1959,3.071554323
8/16/1959,2.841665997
8/23/1959,2.532474099
8/30/1959,2.863037203
9/6/1959,3.004011667
9/13/1959,3.446844606
9/20/1959,2.642375476
9/27/1959,2.464608761
10/4/1959,3.548561382
10/11/1959,4.007287216
10/18/1959,4.073614987
10/25/1959,3.712093853
11/1/1959,3.369195441
11/8/1959,3.28380761
11/15/1959,3.041266327
11/22/1959,2.872296157
11/29/1959,3.855769242
12/6/1959,2.937833719
12/13/1959,2.981682727
12/20/1959,3.82035452
12/27/1959,3.236078541
1/3/1960,3.272001825
1/10/1960,3.521501588
1/17/1960,3.098283683
1/24/1960,2.932823697
1/31/1960,3.607418562
2/7/1960,4.037679829
2/14/1960,3.799634116
2/21/1960,4.084061253
2/28/1960,3.716751022
3/6/1960,3.339719687
3/13/1960,3.274589619
3/20/1960,4.074122404
3/27/1960,3.688028959
4/3/1960,3.876127161
4/10/1960,3.891357347
4/17/1960,3.149994606
4/24/1960,3.041274225
5/1/1960,3.100274025
5/8/1960,3.363373146
5/15/1960,3.204054834
5/22/1960,2.739097446
5/29/1960,3.442366869
6/5/1960,2.927087928
6/12/1960,2.805955983
6/19/1960,2.54019178
6/26/1960,2.446304114
7/3/1960,2.402914483
7/10/1960,2.36470105
7/17/1960,2.770535377
7/24/1960,2.277448759
7/31/1960,3.150412551
8/7/1960,2.696408815
8/14/1960,2.877751331
8/21/1960,2.527681446
8/28/1960,3.686053244
9/4/1960,3.027952715
9/11/1960,2.644911034
9/18/1960,2.843288853
9/25/1960,2.250493192
10/2/1960,2.540442101
10/9/1960,2.943830741
10/16/1960,2.841722274
10/23/1960,3.130427051
10/30/1960,2.819069901
11/6/1960,2.543223451
11/13/1960,2.398651668
11/20/1960,2.404679805
11/27/1960,2.441113593
12/4/1960,2.336159426
12/11/1960,2.263872677
12/18/1960,2.835481299
12/25/1960,2.465293604
1/1/1961,2.96168681
1/8/1961,3.176412518
1/15/1961,3.385397118
1/22/1961,3.55524443
1/29/1961,3.029704307
2/5/1961,2.947904035
2/12/1961,3.940636995
2/19/1961,3.401372966
2/26/1961,3.995877279
3/5/1961,3.356966129
3/12/1961,3.315726904
3/19/1961,3.314705485
3/26/1961,3.78651008
4/2/1961,3.764980439
4/9/1961,3.547506418
4/16/1961,3.422829407
4/23/1961,3.127318652
4/30/1961,2.944240782
5/7/1961,3.035649832
5/14/1961,3.894448436
5/21/1961,3.178323576
5/28/1961,2.982339086
6/4/1961,2.796380037
6/11/1961,3.149994606
6/18/1961,3.226939991
6/25/1961,3.326206783
7/2/1961,3.339890483
7/9/1961,2.953880446
7/16/1961,3.09042031
7/23/1961,2.810447595
7/30/1961,3.463228353
8/6/1961,3.026815076
8/13/1961,2.645608917
8/20/1961,2.296292151
8/27/1961,3.653128542
9/3/1961,2.789496101
9/10/1961,2.381042843
9/17/1961,2.227269517
9/24/1961,2.223106381
10/1/1961,2.040206628
10/8/1961,1.920018916
10/15/1961,1.798374377
10/22/1961,1.876448787
10/29/1961,2.1104887
11/5/1961,1.954290762
11/12/1961,2.061377074
11/19/1961,2.112102055
11/26/1961,2.412359732
12/3/1961,2.175714707
12/10/1961,2.088206988
12/17/1961,3.286793176
12/24/1961,3.412544542
12/31/1961,2.979953345
1/7/1962,4.108405686
1/14/1962,3.375068909
1/21/1962,3.243868618
1/28/1962,3.691113333
2/4/1962,3.594695235
2/11/1962,3.039505331
2/18/1962,3.025776778
2/25/1962,3.853605139
3/4/1962,3.644335174
3/11/1962,3.624317168
3/18/1962,3.728428458
3/25/1962,3.416091052
4/1/1962,3.649064071
4/8/1962,3.583567144
4/15/1962,3.68808151
4/22/1962,3.106017417
4/29/1962,2.880876446
5/6/1962,2.894194177
5/13/1962,2.663003233
5/20/1962,2.592864863
5/27/1962,2.413450651
6/3/1962,2.920822228
6/10/1962,2.734559822
6/17/1962,2.755775795
6/24/1962,2.927611571
7/1/1962,3.108835528
7/8/1962,4.042747149
7/15/1962,3.834498272
7/22/1962,3.697223238
7/29/1962,3.722695608
8/5/1962,3.585667111
8/12/1962,3.02269225
8/19/1962,2.257870486
8/26/1962,2.65445571
9/2/1962,2.37051309
9/9/1962,2.27186483
9/16/1962,2.168909779
9/23/1962,2.894277285
9/30/1962,2.439127342
10/7/1962,2.659355151
10/14/1962,2.559152236
10/21/1962,2.452798099
10/28/1962,2.460100655
11/4/1962,2.486855355
11/11/1962,3.927909047
11/18/1962,3.053930822
11/25/1962,3.639677696
12/2/1962,3.041771541
12/9/1962,2.808629531
12/16/1962,2.670718865
12/23/1962,2.700227636
12/30/1962,3.594373764
1/6/1963,3.189018425
1/13/1963,3.022873573
1/20/1963,3.543670793
1/27/1963,3.562019113
2/3/1963,3.268147208
2/10/1963,3.326849745
2/17/1963,3.565204161
2/24/1963,3.579069853
3/3/1963,3.510628108
3/10/1963,4.057801847
3/17/1963,3.676192282
3/24/1963,3.436714312
3/31/1963,3.056832463
4/7/1963,3.031489256
4/14/1963,3.048294165
4/21/1963,2.875593671
4/28/1963,2.758722699
5/5/1963,3.062754916
5/12/1963,3.169265805
5/19/1963,2.870140439
5/26/1963,2.833548696
6/2/1963,2.833134357
6/9/1963,2.732972433
6/16/1963,2.504729052
6/23/1963,2.66927038
6/30/1963,2.531734309
7/7/1963,2.175975432
7/14/1963,2.1491267
7/21/1963,1.697926445
7/28/1963,1.049992857
8/4/1963,1.049992857
8/11/1963,1.927780849
8/18/1963,1.228143608
8/25/1963,2.70244777
9/1/1963,1.993612558
9/8/1963,2.2219356
9/15/1963,2.279210513
9/22/1963,2.373573981
9/29/1963,2.264510876
10/6/1963,2.906550519
10/13/1963,2.23974981
10/20/1963,1.972665592
10/27/1963,1.951483231
11/3/1963,1.704236337
11/10/1963,3.442788526
11/17/1963,2.376047452
11/24/1963,2.199892244
12/1/1963,3.20605371
12/8/1963,2.932088005
12/15/1963,3.216656681
12/22/1963,2.967098474
12/29/1963,3.272535459
1/5/1964,3.430495917
1/12/1964,3.684019957
1/19/1964,3.242091497
1/26/1964,3.66822559
2/2/1964,3.244403308
2/9/1964,3.78268327
2/16/1964,3.577557284
2/23/1964,3.712331439
3/1/1964,3.434715773
3/8/1964,3.442484473
3/15/1964,3.319422552
3/22/1964,3.419529501
3/29/1964,3.200237459
4/5/1964,3.041684749
4/12/1964,3.743082315
4/19/1964,3.409348037
4/26/1964,3.011616958
5/3/1964,2.902579391
5/10/1964,2.788005657
5/17/1964,2.665308885
5/24/1964,2.547787008
5/31/1964,2.474157966
6/7/1964,2.475133434
6/14/1964,2.259307121
6/21/1964,2.097639016
6/28/1964,2.971229447
7/5/1964,1.858717615
7/12/1964,1.852113861
7/19/1964,2.31369853
7/26/1964,1.574725584
8/2/1964,1.992155711
8/9/1964,3.045604592
8/16/1964,2.225903445
8/23/1964,2.155336037
8/30/1964,2.109983295
9/6/1964,3.149225273
9/13/1964,3.274531921
9/20/1964,3.126384699
9/27/1964,2.437750563
10/4/1964,3.141872887
10/11/1964,4.196998382
10/18/1964,3.492595577
10/25/1964,3.243214212
11/1/1964,3.040558829
11/8/1964,2.424391554
11/15/1964,2.526584791
11/22/1964,2.572778695
11/29/1964,2.987451746
12/6/1964,3.066843788
12/13/1964,3.083857221
12/20/1964,2.920425974
12/27/1964,3.394500711
1/3/1965,3.187650426
1/10/1965,2.830813135
1/17/1965,2.880619259
1/24/1965,3.278142874
1/31/1965,3.41839245
2/7/1965,3.641510796
2/14/1965,3.777640654
2/21/1965,3.341998049
2/28/1965,3.267051987
3/7/1965,3.875487821
3/14/1965,3.271574445
3/21/1965,3.7449287
3/28/1965,3.534575611
4/4/1965,3.074187209
4/11/1965,2.680090644
4/18/1965,2.564299066
4/25/1965,2.499219552
5/2/1965,3.448970525
5/9/1965,2.957650379
5/16/1965,2.789623012
5/23/1965,2.585325344
5/30/1965,2.632133222
6/6/1965,2.906458954
6/13/1965,2.873483359
6/20/1965,3.917070998
6/27/1965,3.202994789
7/4/1965,3.298121362
7/11/1965,3.45787887
7/18/1965,4.25908882
7/25/1965,3.555464469
8/1/1965,4.312227513
8/8/1965,3.525114807
8/15/1965,3.167589053
8/22/1965,3.033335279
8/29/1965,2.953725874
9/5/1965,2.60225538
9/12/1965,2.458562313
9/19/1965,2.553215301
9/26/1965,2.449555532
10/3/1965,2.460702441
10/10/1965,2.655599388
10/17/1965,2.532219141
10/24/1965,2.28800316
10/31/1965,2.225050696
11/7/1965,2.154180432
11/14/1965,2.287913647
11/21/1965,2.382359298
11/28/1965,2.316410711
12/5/1965,2.256982186
12/12/1965,2.165422401
12/19/1965,2.20790353
12/26/1965,2.209220023
1/2/1966,2.242317764
1/9/1966,2.586958434
1/16/1966,2.508973886
1/23/1966,3.161625507
1/30/1966,3.109716878
2/6/1966,2.682992973
2/13/1966,3.603650934
2/20/1966,3.68458327
2/27/1966,3.227886705
3/6/1966,4.166993709
3/13/1966,3.302452151
3/20/1966,3.065870889
3/27/1966,3.014814449
4/3/1966,2.987304202
4/10/1966,2.985466893
4/17/1966,2.993586113
4/24/1966,2.950958439
5/1/1966,3.007133017
5/8/1966,3.401800184
5/15/1966,3.100635866
5/22/1966,3.562490334
5/29/1966,3.619080803
6/5/1966,2.997775066
6/12/1966,2.648408805
6/19/1966,2.503899583
6/26/1966,2.339232748
7/3/1966,2.277150614
7/10/1966,2.218351666
7/17/1966,2.114844413
7/24/1966,2.138649995
7/31/1966,1.983310486
8/7/1966,2.298132292
8/14/1966,2.679155241
8/21/1966,2.66141511
8/28/1966,1.813647695
9/4/1966,1.29841638
9/11/1966,1.06669855
9/18/1966,0.764176132
9/25/1966,2.820240879
10/2/1966,1.778223627
10/9/1966,2.059033005
10/16/1966,1.659535907
10/23/1966,2.510290257
10/30/1966,2.570379465
11/6/1966,2.450403086
11/13/1966,2.238522812
11/20/1966,2.278982117
11/27/1966,2.122936373
12/4/1966,2.1430148
12/11/1966,1.940715657
12/18/1966,2.378561412
12/25/1966,2.230934038
1/1/1967,3.09861258
1/8/1967,3.057468307
1/15/1967,3.299849283
1/22/1967,2.969751289
1/29/1967,2.951347234
2/5/1967,2.780662882
2/12/1967,3.305787595
2/19/1967,3.646636007
2/26/1967,3.726654685
3/5/1967,2.907830403
3/12/1967,2.697490887
3/19/1967,2.724316839
3/26/1967,3.054972903
4/2/1967,2.721456113
4/9/1967,2.710049634
4/16/1967,2.64607028
4/23/1967,2.626032248
4/30/1967,3.125559334
5/7/1967,3.135978145
5/14/1967,3.196568559
5/21/1967,2.965084054
5/28/1967,3.029967856
6/4/1967,2.923000372
6/11/1967,2.591787829
6/18/1967,3.855429501
6/25/1967,3.274319525
7/2/1967,2.665215016
7/9/1967,3.393918993
7/16/1967,2.888207585
7/23/1967,2.700071714
7/30/1967,2.571848529
8/6/1967,3.062307408
8/13/1967,3.017655104
8/20/1967,2.81850961
8/27/1967,3.396459148
9/3/1967,3.232612441
9/10/1967,2.591086878
9/17/1967,2.543745306
9/24/1967,2.653173908
10/1/1967,2.77298145
10/8/1967,2.512524307
10/15/1967,2.333366656
10/22/1967,2.639157656
10/29/1967,2.671117279
11/5/1967,2.373573981
11/12/1967,2.222170009
11/19/1967,2.219584526
11/26/1967,2.344529811
12/3/1967,2.774129943
12/10/1967,2.787262057
12/17/1967,3.182734121
12/24/1967,3.35816717
12/31/1967,3.58477773
1/7/1968,3.224271423
1/14/1968,3.687457613
1/21/1968,3.643319407
1/28/1968,3.312767443
2/4/1968,3.226772558
2/11/1968,3.113886556
2/18/1968,2.975234148
2/25/1968,2.919668959
3/3/1968,2.805881294
3/10/1968,2.479388136
3/17/1968,3.561684426
3/24/1968,3.148241621
3/31/1968,2.829490319
4/7/1968,3.217391811
4/14/1968,3.027011012
4/21/1968,2.843020875
4/28/1968,2.798788714
5/5/1968,2.335658452
5/12/1968,1.761100539
5/19/1968,1.966939163
5/26/1968,1.565611725
6/2/1968,3.164522376
6/9/1968,2.67971854
6/16/1968,2.625384484
6/23/1968,2.406965751
6/30/1968,2.168733129
7/7/1968,2.043126398
7/14/1968,2.925595683
7/21/1968,2.274365706
7/28/1968,1.974649834
8/4/1968,2.067554377
8/11/1968,2.127817234
8/18/1968,2.382053082
8/25/1968,2.03233666
9/1/1968,1.826334006
9/8/1968,2.147367108
9/15/1968,2.079543007
9/22/1968,1.558228422
9/29/1968,0.769377326
10/6/1968,0.77815125
10/13/1968,2.05415324
10/20/1968,2.531133899
10/27/1968,2.618163196
11/3/1968,2.127072387
11/10/1968,1.682506086
11/17/1968,3.049934792
11/24/1968,2.983463904
12/1/1968,2.317331935
12/8/1968,2.703325776
12/15/1968,2.662446161
12/22/1968,2.625055091
12/29/1968,2.992102643
1/5/1969,2.982551624
1/12/1969,2.577606677
1/19/1969,2.412410143
1/26/1969,3.646944542
2/2/1969,3.561223065
2/9/1969,3.790915384
2/16/1969,3.42369796
2/23/1969,3.025518863
3/2/1969,3.047450108
3/9/1969,3.95102942
3/16/1969,3.431177138
3/23/1969,3.706250814
3/30/1969,3.249310892
4/6/1969,2.731741829
4/13/1969,2.722205998
4/20/1969,3.600333501
4/27/1969,2.942935212
5/4/1969,2.544154895
5/11/1969,2.386552469
5/18/1969,2.27246821
5/25/1969,2.737836448
6/1/1969,2.465382851
6/8/1969,2.864511081
6/15/1969,2.799050923
6/22/1969,3.359325029
6/29/1969,2.592576435
7/6/1969,2.644162759
7/13/1969,3.15245041
7/20/1969,2.683776257
7/27/1969,2.577123987
8/3/1969,3.039497401
8/10/1969,3.479670306
8/17/1969,2.985282733
8/24/1969,2.880767875
8/31/1969,2.569209994
9/7/1969,2.795747972
9/14/1969,2.554452816
9/21/1969,2.396164463
9/28/1969,3.053435725
10/5/1969,3.341683752
10/12/1969,2.813067003
10/19/1969,2.600352031
10/26/1969,2.458093696
11/2/1969,2.425044875
11/9/1969,2.224014811
11/16/1969,2.288137395
11/23/1969,2.321038893
11/30/1969,2.306467919
12/7/1969,2.078130431
12/14/1969,2.908838744
12/21/1969,2.399967766
12/28/1969,3.357240946
1/4/1970,2.897132043
1/11/1970,2.716512506
1/18/1970,2.75277039
1/25/1970,2.897901874
2/1/1970,3.02821326
2/8/1970,3.510901414
2/15/1970,3.178588497
2/22/1970,3.963029511
3/1/1970,3.153741714
3/8/1970,2.984846729
3/15/1970,3.062871417
3/22/1970,3.329430425
3/29/1970,3.404512151
4/5/1970,3.710656301
4/12/1970,2.973778807
4/19/1970,3.356958493
4/26/1970,2.81999116
5/3/1970,2.875148114
5/10/1970,3.104685094
5/17/1970,2.357382103
5/24/1970,2.330738358
5/31/1970,2.1811287
6/7/1970,1.998999972
6/14/1970,2.128237671
6/21/1970,1.767526899
6/28/1970,2.513909788
7/5/1970,1.512150537
7/12/1970,2.966793858
7/19/1970,1.580240508
7/26/1970,1.331629718
8/2/1970,1.749272408
8/9/1970,2.473676704
8/16/1970,2.855694776
8/23/1970,2.256789882
8/30/1970,2.017116849
9/6/1970,2.216878142
9/13/1970,2.112873002
9/20/1970,2.089481203
9/27/1970,1.95583201
10/4/1970,2.086288629
10/11/1970,1.766412847
10/18/1970,1.737033531
10/25/1970,2.476411327
11/1/1970,2.523095838
11/8/1970,1.810366954
11/15/1970,3.086598271
11/22/1970,2.494724927
11/29/1970,2.028286509
12/6/1970,2.221805318
12/13/1970,2.173710603
12/20/1970,2.696172845
12/27/1970,2.89603543
1/3/1971,3.087923321
1/10/1971,3.403437972
1/17/1971,3.266612655
1/24/1971,3.015431014
1/31/1971,3.244041969
2/7/1971,3.806682515
2/14/1971,3.665755424
2/21/1971,3.438618284
2/28/1971,3.377654057
3/7/1971,3.770236939
3/14/1971,3.131249646
3/21/1971,3.06850126
3/28/1971,3.088918886
4/4/1971,3.355941669
4/11/1971,3.618736144
4/18/1971,2.929781538
4/25/1971,2.773142569
5/2/1971,2.731113118
5/9/1971,2.039215766
5/16/1971,2.903073701
5/23/1971,2.642622776
5/30/1971,3.125864967
6/6/1971,3.308611362
6/13/1971,3.029083321
6/20/1971,3.023359476
6/27/1971,2.790904138
7/4/1971,2.681232189
7/11/1971,2.118033129
7/18/1971,2.23499788
7/25/1971,1.963220987
8/1/1971,2.253338005
8/8/1971,1.731266349
8/15/1971,-0.080921908
8/22/1971,1.127752516
8/29/1971,1.127752516
9/5/1971,0.938519725
9/12/1971,0.938519725
9/19/1971,2.238923846
9/26/1971,2.238923846
10/3/1971,3.02819291
10/10/1971,3.609641357
10/17/1971,3.231454298
10/24/1971,3.468372442
10/31/1971,3.820674917
11/7/1971,3.013157557
11/14/1971,2.601408061
11/21/1971,2.510786218
11/28/1971,3.382715676
12/5/1971,3.050031562
12/12/1971,3.171193861
12/19/1971,2.983260839
12/26/1971,2.997229066
1/2/1972,2.83777146
1/9/1972,2.907336105
1/16/1972,3.258019159
1/23/1972,3.024502087
1/30/1972,2.949106891
2/6/1972,3.864674208
2/13/1972,3.591168157
2/20/1972,3.52655637
2/27/1972,3.360375644
3/5/1972,3.025494292
3/12/1972,2.780893109
3/19/1972,2.823402493
3/26/1972,2.940859999
4/2/1972,2.932392581
4/9/1972,3.022189093
4/16/1972,3.34032313
4/23/1972,2.987688605
4/30/1972,2.810910993
5/7/1972,3.706232877
5/14/1972,3.433734641
5/21/1972,3.868513954
5/28/1972,3.258823984
6/4/1972,2.90775522
6/11/1972,2.509699727
6/18/1972,2.319106059
6/25/1972,3.778992243
7/2/1972,2.916564482
7/9/1972,2.694692926
7/16/1972,2.906539748
7/23/1972,2.699976401
7/30/1972,2.302612285
8/6/1972,2.830267801
8/13/1972,2.514361776
8/20/1972,2.283255987
8/27/1972,2.16716959
9/3/1972,1.626955951
9/10/1972,1.626955951
9/17/1972,1.626955951
9/24/1972,1.626955951
10/1/1972,1.805296916
10/8/1972,3.756409395
10/15/1972,2.691329084
10/22/1972,2.461828549
10/29/1972,2.677944403
11/5/1972,2.921457565
11/12/1972,3.533206269
11/19/1972,3.746405317
11/26/1972,3.913988065
12/3/1972,3.640229931
12/10/1972,3.444219728
12/17/1972,4.132040565
12/24/1972,3.936743395
12/31/1972,3.557258103
1/7/1973,3.56446011
1/14/1973,3.266116403
1/21/1973,3.355313566
1/28/1973,3.506588907
2/4/1973,4.230849054
2/11/1973,3.475259939
2/18/1973,3.234674168
2/25/1973,3.08139412
3/4/1973,3.825251456
3/11/1973,3.755941899
3/18/1973,3.596236316
3/25/1973,3.621724518
4/1/1973,3.901719256
4/8/1973,3.802246781
4/15/1973,3.540470879
4/22/1973,3.158284071
4/29/1973,3.827936329
5/6/1973,3.435243771
5/13/1973,3.254567411
5/20/1973,2.981759731
5/27/1973,2.923761961
6/3/1973,3.42699246
6/10/1973,2.707587207
6/17/1973,2.649860368
6/24/1973,2.967379467
7/1/1973,3.698215414
7/8/1973,3.942839117
7/15/1973,3.350596865
7/22/1973,3.15450918
7/29/1973,3.25547754
8/5/1973,3.124021407
8/12/1973,2.226367876
8/19/1973,3.561036951
8/26/1973,2.82230541
9/2/1973,2.376868822
9/9/1973,2.444809605
9/16/1973,2.390352126
9/23/1973,2.312008008
9/30/1973,2.079723775
10/7/1973,2.035349677
10/14/1973,1.934851803
10/21/1973,1.960708552
10/28/1973,1.912275211
11/4/1973,2.085825534
11/11/1973,2.087568476
11/18/1973,1.853272224
11/25/1973,1.970811611
12/2/1973,2.022881813
12/9/1973,2.662701181
12/16/1973,2.812799757
12/23/1973,3.831380198
12/30/1973,3.011802964
1/6/1974,3.592382193
1/13/1974,3.476793963
1/20/1974,3.018400882
1/27/1974,3.768217661
2/3/1974,3.604903974
2/10/1974,3.559423009
2/17/1974,3.528182405
2/24/1974,3.631515807
3/3/1974,3.154716042
3/10/1974,2.875547401
3/17/1974,3.151608846
3/24/1974,3.18500072
3/31/1974,3.344677125
4/7/1974,3.416081055
4/14/1974,3.424635031
4/21/1974,3.084157867
4/28/1974,2.963915265
5/5/1974,3.085212063
5/12/1974,3.732361589
5/19/1974,3.463277676
5/26/1974,3.099932583
6/2/1974,3.22324926
6/9/1974,2.93675495
6/16/1974,2.801197834
6/23/1974,2.68642175
6/30/1974,2.664651376
7/7/1974,2.360176715
7/14/1974,2.29473069
7/21/1974,2.068556895
7/28/1974,2.214923285
8/4/1974,2.261215272
8/11/1974,3.166053977
8/18/1974,3.124514006
8/25/1974,3.330235148
9/1/1974,2.642256721
9/8/1974,3.917508135
9/15/1974,2.93962906
9/22/1974,2.484769478
9/29/1974,2.206717963
10/6/1974,2.357420246
10/13/1974,2.330657235
10/20/1974,2.317958925
10/27/1974,2.370550097
11/3/1974,2.288204497
11/10/1974,2.25020036
11/17/1974,2.369883489
11/24/1974,2.422967181
12/1/1974,2.799547307
12/8/1974,3.327393677
12/15/1974,3.154314397
12/22/1974,3.115590544
12/29/1974,3.138091027
1/5/1975,3.062375128
1/12/1975,3.943948359
1/19/1975,3.994619777
1/26/1975,3.842430743
2/2/1975,3.388438697
2/9/1975,3.897613348
2/16/1975,3.302599303
2/23/1975,3.262410744
3/2/1975,3.384940918
3/9/1975,2.80393485
3/16/1975,4.099483818
3/23/1975,4.015310287
3/30/1975,3.486260412
4/6/1975,3.519185918
4/13/1975,3.233369291
4/20/1975,3.354939721
4/27/1975,3.068211844
5/4/1975,2.829027023
5/11/1975,2.582165672
5/18/1975,2.923041854
5/25/1975,3.003861036
6/1/1975,2.661670736
6/8/1975,2.729488769
6/15/1975,2.412275702
6/22/1975,2.639635877
6/29/1975,2.153326961
7/6/1975,2.291057894
7/13/1975,3.879958448
7/20/1975,4.241015989
7/27/1975,2.866547247
8/3/1975,2.693014262
8/10/1975,2.737614006
8/17/1975,2.309481119
8/24/1975,2.141951196
8/31/1975,2.168939214
9/7/1975,2.302590648
9/14/1975,2.647197084
9/21/1975,2.41049042
9/28/1975,3.825664298
10/5/1975,2.77112428
10/12/1975,2.540116656
10/19/1975,2.523004672
10/26/1975,2.377196935
11/2/1975,2.28366299
11/9/1975,2.265454636
11/16/1975,3.069349843
11/23/1975,2.535876166
11/30/1975,2.559822869
12/7/1975,2.381151195
12/14/1975,2.664970862
12/21/1975,2.463549596
12/28/1975,3.02977325
1/4/1976,3.539849859
1/11/1976,3.284006384
1/18/1976,3.000225774
1/25/1976,2.809499111
2/1/1976,3.699458745
2/8/1976,3.717282626
2/15/1976,3.156724772
2/22/1976,3.107762665
2/29/1976,3.081739652
3/7/1976,2.650686273
3/14/1976,3.088100635
3/21/1976,2.737160825
3/28/1976,2.618288723
4/4/1976,2.940342134
4/11/1976,2.652043171
4/18/1976,2.530314982
4/25/1976,2.411989877
5/2/1976,2.618863595
5/9/1976,2.596981743
5/16/1976,2.54585119
5/23/1976,2.632781121
5/30/1976,2.268741737
6/6/1976,2.806939325
6/13/1976,2.361425613
6/20/1976,2.566590676
6/27/1976,2.875940543
7/4/1976,2.232004483
7/11/1976,2.40590957
7/18/1976,1.926753905
7/25/1976,1.730216841
8/1/1976,2.220029594
8/8/1976,2.308692442
8/15/1976,2.0057809
8/22/1976,2.018409207
8/29/1976,1.799202656
9/5/1976,2.01123201
9/12/1976,2.035069344
9/19/1976,2.696941462
9/26/1976,2.206556044
10/3/1976,2.290368556
10/10/1976,2.736523983
10/17/1976,2.211280768
10/24/1976,3.059317235
10/31/1976,2.169056933
11/7/1976,1.495960395
11/14/1976,1.599337133
11/21/1976,1.826916647
11/28/1976,1.87279704
12/5/1976,2.725290768
12/12/1976,3.252780238
12/19/1976,3.156334071
12/26/1976,2.753506457
1/2/1977,2.75996231
1/9/1977,2.692617819
1/16/1977,3.726676688
1/23/1977,2.986538854
1/30/1977,2.701481636
2/6/1977,2.541878654
2/13/1977,2.636638319
2/20/1977,2.864000544
2/27/1977,3.176421198
3/6/1977,3.739857825
3/13/1977,3.724818808
3/20/1977,3.348300968
3/27/1977,3.532151552
4/3/1977,3.180392566
4/10/1977,3.433723443
4/17/1977,3.016774356
4/24/1977,2.841878561
5/1/1977,2.727346025
5/8/1977,2.811440944
5/15/1977,2.664275209
5/22/1977,2.404902104
5/29/1977,2.855082825
6/5/1977,2.392556268
6/12/1977,2.277884142
6/19/1977,2.064645145
6/26/1977,1.819346484
7/3/1977,1.879210605
7/10/1977,1.239549721
7/17/1977,2.344195716
7/24/1977,1.232742063
7/31/1977,1.116275588
8/7/1977,2.236965299
8/14/1977,2.257486579
8/21/1977,2.247089056
8/28/1977,2.259761067
9/4/1977,2.141669217
9/11/1977,3.279792379
9/18/1977,2.274458056
9/25/1977,1.798374377
10/2/1977,1.780173244
10/9/1977,1.519959181
10/16/1977,2.746322765
10/23/1977,2.303412071
10/30/1977,3.295707811
11/6/1977,2.853582628
11/13/1977,3.183858945
11/20/1977,2.271655772
11/27/1977,2.453669915
12/4/1977,2.782744869
12/11/1977,3.068159878
12/18/1977,3.220508187
12/25/1977,3.121520451
1/1/1978,2.880590673
1/8/1978,3.004394467
1/15/1978,3.944298551
1/22/1978,3.984781065
1/29/1978,4.13266753
2/5/1978,3.308425673
2/12/1978,3.165810944
2/19/1978,3.138321649
2/26/1978,3.083753378
3/5/1978,3.156827689
3/12/1978,3.990449857
3/19/1978,3.456156428
3/26/1978,3.250149094
4/2/1978,3.320819025
4/9/1978,2.635624468
4/16/1978,2.537504275
4/23/1978,2.485394873
4/30/1978,4.000144596
5/7/1978,3.97841427
5/14/1978,4.140196509
5/21/1978,3.383537113
5/28/1978,2.887088174
6/4/1978,2.615423953
6/11/1978,2.542862757
6/18/1978,2.273117068
6/25/1978,2.230065551
7/2/1978,2.590596653
7/9/1978,2.590596653
7/16/1978,2.33045436
7/23/1978,2.48945221
7/30/1978,2.48945221
8/6/1978,2.038858502
8/13/1978,3.129696336
8/20/1978,2.446956348
8/27/1978,1.735039705
9/3/1978,2.519959181
9/10/1978,1.892651034
9/17/1978,1.604765885
9/24/1978,1.498999364
10/1/1978,1.486996888
10/8/1978,1.985471383
10/15/1978,1.619510721
10/22/1978,1.399154334
10/29/1978,1.339252634
11/5/1978,1.604226053
11/12/1978,2.122609024
11/19/1978,2.43442518
11/26/1978,2.336479747
12/3/1978,2.604841408
12/10/1978,3.350769247
12/17/1978,2.768149523
12/24/1978,2.619844344
12/31/1978,3.100377439
1/7/1979,3.365179002
1/14/1979,3.542281285
1/21/1979,3.862120045
1/28/1979,3.799085413
2/4/1979,3.096830095
2/11/1979,2.909769915
2/18/1979,3.222589025
2/25/1979,4.122066718
3/4/1979,3.813497591
3/11/1979,3.348373021
3/18/1979,3.241377113
3/25/1979,3.850054113
4/1/1979,3.32221309
4/8/1979,3.430062149
4/15/1979,3.251781745
4/22/1979,2.991452027
4/29/1979,2.986417886
5/6/1979,2.900765732
5/13/1979,3.307481062
5/20/1979,3.585957909
5/27/1979,2.949189892
6/3/1979,3.462763251
6/10/1979,3.784838306
6/17/1979,3.33598916
6/24/1979,3.490343411
7/1/1979,3.00068998
7/8/1979,2.33543784
7/15/1979,2.156549151
7/22/1979,2.553907288
7/29/1979,2.260286096
8/5/1979,2.709431095
8/12/1979,1.886377907
8/19/1979,1.842546837
8/26/1979,1.43055877
9/2/1979,1.425860145
9/9/1979,3.267333678
9/16/1979,2.261928673
9/23/1979,3.264158801
9/30/1979,2.933532841
10/7/1979,3.281124309
10/14/1979,2.810642417
10/21/1979,2.594955773
10/28/1979,2.566732029
11/4/1979,3.093467214
11/11/1979,3.655307508
11/18/1979,3.768783088
11/25/1979,3.013220752
12/2/1979,3.683464913
12/9/1979,2.871012194
12/16/1979,2.840206498
12/23/1979,2.741915474
12/30/1979,2.785749687
1/6/1980,2.911184252
1/13/1980,3.418476963
1/20/1980,3.706951505
1/27/1980,3.536442279
2/3/1980,3.147901913
2/10/1980,3.18004268
2/17/1980,3.493456657
2/24/1980,3.24738645
3/2/1980,3.156694498
3/9/1980,3.720869311
3/16/1980,3.355386381
3/23/1980,3.902541344
3/30/1980,3.71247376
4/6/1980,3.266666714
4/13/1980,3.281739942
4/20/1980,3.560885376
4/27/1980,2.908238312
5/4/1980,3.006029389
5/11/1980,2.863263364
5/18/1980,2.818892005
5/25/1980,3.683918357
6/1/1980,3.048550558
6/8/1980,2.856795328
6/15/1980,2.807825813
6/22/1980,2.588047497
6/29/1980,3.557864355
7/6/1980,2.534647896
7/13/1980,2.287734566
7/20/1980,2.176236
7/27/1980,2.169821329
8/3/1980,2.062356318
8/10/1980,1.935759104
8/17/1980,1.669874502
8/24/1980,1.839100783
8/31/1980,1.627160952
9/7/1980,2.136403448
9/14/1980,1.220369632
9/21/1980,0.828659897
9/28/1980,0.828659897
10/5/1980,2.145879796
10/12/1980,1.905364069
10/19/1980,1.970300375
10/26/1980,2.455225653
11/2/1980,2.319189369
11/9/1980,1.970997366
11/16/1980,1.382017043
11/23/1980,1.514282048
11/30/1980,2.126001457
12/7/1980,2.014100322
12/14/1980,2.186702123
12/21/1980,2.000260499
12/28/1980,1.837462171
1/4/1981,2.438700533
1/11/1981,2.386962441
1/18/1981,2.215399601
1/25/1981,2.489747606
2/1/1981,2.425860145
2/8/1981,2.826139618
2/15/1981,3.593541915
2/22/1981,3.207367732
3/1/1981,2.860397905
3/8/1981,2.47234682
3/15/1981,2.241845204
3/22/1981,2.093911741
3/29/1981,2.869900253
4/5/1981,2.84334492
4/12/1981,2.965027572
4/19/1981,2.654051339
4/26/1981,2.729569726
5/3/1981,2.276875221
5/10/1981,1.922465945
5/17/1981,3.230842163
5/24/1981,2.556507536
5/31/1981,2.263209849
6/7/1981,2.896415976
6/14/1981,2.413584729
6/21/1981,2.413584729
6/28/1981,2.493764668
7/5/1981,2.493764668
7/12/1981,3.692353323
7/19/1981,2.000043427
7/26/1981,2.208656301
8/2/1981,2.510236605
8/9/1981,2.510236605
8/16/1981,2.740370586
8/23/1981,3.430223452
8/30/1981,2.706939566
9/6/1981,1.82911071
9/13/1981,3.628044423
9/20/1981,2.270702122
9/27/1981,2.441380885
10/4/1981,2.594436751
10/11/1981,2.618769577
10/18/1981,1.707740454
10/25/1981,1.707740454
11/1/1981,2.469689499
11/8/1981,2.744253856
11/15/1981,1.857875026
11/22/1981,1.979593896
11/29/1981,2.142232992
12/6/1981,2.759818877
12/13/1981,2.806790272
12/20/1981,3.198692819
12/27/1981,2.811065349
1/3/1982,3.418413994
1/10/1982,3.892128009
1/17/1982,2.486331281
1/24/1982,3.455983199
1/31/1982,3.666674261
2/7/1982,3.674224382
2/14/1982,3.228587691
2/21/1982,3.700333284
2/28/1982,3.206620819
3/7/1982,3.832834511
3/14/1982,3.763801476
3/21/1982,3.343635038
3/28/1982,3.452356935
4/4/1982,3.075827885
4/11/1982,2.745527596
4/18/1982,2.802328944
4/25/1982,2.865607299
5/2/1982,3.290324045
5/9/1982,2.612359948
5/16/1982,2.177824972
5/23/1982,2.569654764
5/30/1982,3.57905955
6/6/1982,3.820940642
6/13/1982,4.104073789
6/20/1982,3.958773097
6/27/1982,3.519738764
7/4/1982,3.087731741
7/11/1982,2.143701629
7/18/1982,3.201137563
7/25/1982,2.773018073
8/1/1982,3.175479921
8/8/1982,2.643255225
8/15/1982,2.643255225
8/22/1982,3.280830953
8/29/1982,2.718983049
9/5/1982,2.065318238
9/12/1982,2.0801212
9/19/1982,1.39375064
9/26/1982,2.072213123
10/3/1982,2.277815427
10/10/1982,2.596904841
10/17/1982,2.683254225
10/24/1982,2.662644523
10/31/1982,3.332165678
11/7/1982,2.570180877
11/14/1982,2.710422026
11/21/1982,2.58642976
11/28/1982,1.855942946
12/5/1982,2.581335139
12/12/1982,2.581335139
12/19/1982,4.053667224
12/26/1982,3.40693172
1/2/1983,3.1587122
1/9/1983,3.326718773
1/16/1983,2.929628358
1/23/1983,2.139690222
1/30/1983,3.276011191
2/6/1983,3.347630502
2/13/1983,3.822442697
2/20/1983,3.834422611
2/27/1983,3.278797028
3/6/1983,3.101929137
3/13/1983,3.871148357
3/20/1983,3.912844082
3/27/1983,3.856359674
4/3/1983,3.086131944
4/10/1983,3.548319385
4/17/1983,3.54630818
4/24/1983,3.163042047
5/1/1983,3.728377323
5/8/1983,3.163358195
5/15/1983,2.171053288
5/22/1983,3.980059303
5/29/1983,3.618785248
6/5/1983,3.153156066
6/12/1983,2.83989266
6/19/1983,1.695569227
6/26/1983,2.815371841
7/3/1983,2.235806105
7/10/1983,2.312050351
7/17/1983,2.172223341
7/24/1983,2.296160414
7/31/1983,2.296160414
8/7/1983,1.48756256
8/14/1983,2.505082115
8/21/1983,2.508758589
8/28/1983,2.436957331
9/4/1983,2.436957331
9/11/1983,2.436957331
9/18/1983,2.436957331
9/25/1983,1.392169149
10/2/1983,1.981456167
10/9/1983,1.981456167
10/16/1983,2.503491066
10/23/1983,1.933892036
10/30/1983,2.789044563
11/6/1983,2.671515328
11/13/1983,2.581790422
11/20/1983,2.93697594
11/27/1983,3.138709954
12/4/1983,3.053113032
12/11/1983,3.804194653
12/18/1983,3.61582595
12/25/1983,3.115180997
1/1/1984,3.422960621
1/8/1984,2.800393986
1/15/1984,3.892385705
1/22/1984,3.727816061
1/29/1984,3.140432616
2/5/1984,3.022580945
2/12/1984,3.301767669
2/19/1984,3.621943412
2/26/1984,3.748942733
3/4/1984,3.605777879
3/11/1984,4.058228193
3/18/1984,3.439045175
3/25/1984,3.736466621
4/1/1984,3.728253923
4/8/1984,3.92124051
4/15/1984,3.1495978
4/22/1984,3.06770676
4/29/1984,3.536372818
5/6/1984,3.270091618
5/13/1984,3.393473417
5/20/1984,2.673693496
5/27/1984,3.033998413
6/3/1984,3.86637478
6/10/1984,2.944852652
6/17/1984,2.185202065
6/24/1984,2.185202065
7/1/1984,2.185202065
7/8/1984,2.433833814
7/15/1984,1.86332286
7/22/1984,3.583585271
7/29/1984,3.583585271
8/5/1984,3.228102513
8/12/1984,3.382577119
8/19/1984,3.291188967
8/26/1984,3.291188967
9/2/1984,2.763832149
9/9/1984,2.763832149
9/16/1984,2.763832149
9/23/1984,2.763832149
9/30/1984,2.707289071
10/7/1984,2.707289071
10/14/1984,2.090258053
10/21/1984,1.60162548
10/28/1984,2.085326262
11/4/1984,2.22344402
11/11/1984,2.22344402
11/18/1984,2.22344402
11/25/1984,2.22344402
12/2/1984,2.698196271
12/9/1984,2.974087784
12/16/1984,2.765810069
12/23/1984,2.716512506
12/30/1984,2.78250129
1/6/1985,3.699737159
1/13/1985,3.217891726
1/20/1985,2.852425093
1/27/1985,2.577755973
2/3/1985,3.978275951
2/10/1985,3.442075075
2/17/1985,3.612833639
2/24/1985,3.339375905
3/3/1985,3.392628375
3/10/1985,2.952269232
3/17/1985,2.550191651
3/24/1985,2.725895305
3/31/1985,2.981288435
4/7/1985,2.595639493
4/14/1985,2.365431822
4/21/1985,2.106870544
4/28/1985,2.445759836
5/5/1985,2.817300878
5/12/1985,2.561029791
5/19/1985,2.561029791
5/26/1985,3.06455532
6/2/1985,2.553482515
6/9/1985,2.553482515
6/16/1985,1.195622944
6/23/1985,1.195622944
6/30/1985,1.195622944
7/7/1985,1.195622944
7/14/1985,1.979548375
7/21/1985,2.579806454
7/28/1985,2.704073264
8/4/1985,2.188112537
8/11/1985,2.288159763
8/18/1985,2.288159763
8/25/1985,3.57972302
9/1/1985,1.501196242
9/8/1985,2.227012096
9/15/1985,2.227012096
9/22/1985,1.885587356
9/29/1985,1.885587356
10/6/1985,1.885587356
10/13/1985,1.885587356
10/20/1985,1.885587356
10/27/1985,1.885587356
11/3/1985,2.588563007
11/10/1985,3.614580867
11/17/1985,2.815883108
11/24/1985,4.072574853
12/1/1985,3.706616236
12/8/1985,2.995152377
12/15/1985,2.913278599
12/22/1985,2.747900988
12/29/1985,2.520208327
1/5/1986,2.22297645
1/12/1986,2.550216119
1/19/1986,2.420813582
1/26/1986,3.008221063
2/2/1986,2.999856659
2/9/1986,3.05078563
2/16/1986,2.818080664
2/23/1986,3.01822601
3/2/1986,2.781676405
3/9/1986,2.576180044
3/16/1986,3.737830889
3/23/1986,3.586345338
3/30/1986,2.928211443
4/6/1986,2.83518307
4/13/1986,2.131939295
4/20/1986,2.131939295
4/27/1986,2.441050677
5/4/1986,2.015359755
5/11/1986,2.586531045
5/18/1986,2.586531045
5/25/1986,3.180292218
6/1/1986,2.161577611
6/8/1986,0.789580712
6/15/1986,1.397940009
6/22/1986,1.397940009
6/29/1986,1.397940009
7/6/1986,1.397940009
7/13/1986,1.397940009
7/20/1986,1.397940009
7/27/1986,0.352182518
8/3/1986,2.584975402
8/10/1986,2.584975402
8/17/1986,2.87970931
8/24/1986,3.652047042
8/31/1986,2.778339404
9/7/1986,2.778339404
9/14/1986,2.778339404
9/21/1986,2.778339404
9/28/1986,2.778339404
10/5/1986,2.778339404
10/12/1986,2.778339404
10/19/1986,2.778339404
10/26/1986,2.778339404
11/2/1986,2.778339404
11/9/1986,2.265171723
11/16/1986,2.265171723
11/23/1986,2.265171723
11/30/1986,2.265171723
12/7/1986,2.5532396
12/14/1986,2.5532396
12/21/1986,2.662417816
12/28/1986,3.354705664
1/4/1987,3.512059716
1/11/1987,2.900547364
1/18/1987,3.062777467
1/25/1987,4.081752244
2/1/1987,3.23011413
2/8/1987,2.989356363
2/15/1987,1.349471799
2/22/1987,3.399588931
3/1/1987,4.006481018
3/8/1987,3.874623853
3/15/1987,3.275193837
3/22/1987,3.125533313
3/29/1987,3.367959413
4/5/1987,3.319971702
4/12/1987,2.91701685
4/19/1987,4.076640808
4/26/1987,3.269891036
5/3/1987,2.962648672
5/10/1987,2.74475442
5/17/1987,2.361274423
5/24/1987,3.230239388
5/31/1987,2.589938437
6/7/1987,2.556386939
6/14/1987,1.727785174
6/21/1987,2.453226578
6/28/1987,2.453226578
7/5/1987,2.453226578
7/12/1987,1.788097633
7/19/1987,1.788097633
7/26/1987,1.810098041
8/2/1987,2.658764793
8/9/1987,2.658764793
8/16/1987,2.658764793
8/23/1987,2.658764793
8/30/1987,2.658764793
9/6/1987,2.713683707
9/13/1987,3.201915783
9/20/1987,3.201915783
9/27/1987,3.201915783
10/4/1987,3.201915783
10/11/1987,3.201915783
10/18/1987,3.201915783
10/25/1987,3.201915783
11/1/1987,3.201915783
11/8/1987,1.790425917
11/15/1987,1.790425917
11/22/1987,1.797267541
11/29/1987,1.797267541
12/6/1987,1.797267541
12/13/1987,2.15182934
12/20/1987,2.15182934
12/27/1987,2.780842757
1/3/1988,2.606746707
1/10/1988,3.019328191
1/17/1988,2.387710089
1/24/1988,3.101472117
1/31/1988,2.567226402
2/7/1988,3.285762032
2/14/1988,3.176438556
2/21/1988,3.131698844
2/28/1988,2.65250742
3/6/1988,2.624282096
3/13/1988,2.86433899
3/20/1988,2.184265443
3/27/1988,2.70999036
4/3/1988,2.41763774
4/10/1988,2.527964836
4/17/1988,2.298066707
4/24/1988,3.198560872
5/1/1988,2.83678602
5/8/1988,2.690337867
5/15/1988,2.441443753
5/22/1988,3.241678442
5/29/1988,3.241678442
6/5/1988,3.241678442
6/12/1988,1.408748606
6/19/1988,1.98141084
6/26/1988,2.347427599
7/3/1988,2.347427599
7/10/1988,2.347427599
7/17/1988,1.641474111
7/24/1988,2.709829433
7/31/1988,2.709829433
8/7/1988,2.709829433
8/14/1988,2.709829433
8/21/1988,1.851869601
8/28/1988,1.851869601
9/4/1988,1.891481704
9/11/1988,1.891481704
9/18/1988,1.891481704
9/25/1988,2.475118891
10/2/1988,1.50758604
10/9/1988,2.402054936
10/16/1988,2.402054936
10/23/1988,2.08357428
10/30/1988,2.560325165
11/6/1988,3.5431103
11/13/1988,2.813781078
11/20/1988,2.744629333
11/27/1988,2.388633969
12/4/1988,2.243062865
12/11/1988,1.886039276
12/18/1988,1.102433706
12/25/1988,2.478580924
1/1/1989,2.62329065
1/8/1989,2.547516266
1/15/1989,3.059658066
1/22/1989,2.705153556
1/29/1989,2.004880007
2/5/1989,2.826372873
2/12/1989,2.826372873
2/19/1989,3.016122036
2/26/1989,3.978446218
3/5/1989,3.85829171
3/12/1989,3.73885584
3/19/1989,3.309283019
3/26/1989,4.025514359
4/2/1989,3.307741997
4/9/1989,3.731017925
4/16/1989,3.370812755
4/23/1989,3.056207134
4/30/1989,3.729496866
5/7/1989,3.852007625
5/14/1989,3.033467987
5/21/1989,2.953227972
5/28/1989,2.337539124
6/4/1989,2.793573882
6/11/1989,2.688170565
6/18/1989,3.250207683
6/25/1989,3.334489941
7/2/1989,3.262337161
7/9/1989,0.753583059
7/16/1989,0.753583059
7/23/1989,3.810094678
7/30/1989,2.542202782
8/6/1989,3.379303704
8/13/1989,2.753537099
8/20/1989,3.913895937
8/27/1989,3.321927599
9/3/1989,2.68692213
9/10/1989,1.855640281
9/17/1989,2.703987411
9/24/1989,2.836823963
10/1/1989,3.27812914
10/8/1989,3.584044993
10/15/1989,2.298547435
10/22/1989,3.61890433
10/29/1989,2.806261397
11/5/1989,3.040618161
11/12/1989,3.319803287
11/19/1989,2.936694661
11/26/1989,3.389410639
12/3/1989,2.95160462
12/10/1989,3.282762551
12/17/1989,3.795082268
12/24/1989,2.935431686
12/31/1989,2.879989938
1/7/1990,3.088277876
1/14/1990,3.330618696
1/21/1990,3.057517764
1/28/1990,3.433614644
2/4/1990,3.216144781
2/11/1990,3.556831776
2/18/1990,3.844093659
2/25/1990,3.479877498
3/4/1990,2.973548084
3/11/1990,2.825984045
3/18/1990,2.960442236
3/25/1990,2.834694039
4/1/1990,3.824310712
4/8/1990,3.81411369
4/15/1990,3.151728294
4/22/1990,3.276475591
4/29/1990,2.922419217
5/6/1990,3.873272926
5/13/1990,3.373559282
5/20/1990,2.217483944
5/27/1990,2.640232914
6/3/1990,3.405899336
6/10/1990,3.405899336
6/17/1990,1.976441689
6/24/1990,1.976441689
7/1/1990,2.083036542
7/8/1990,1.516535374
7/15/1990,2.55720634
7/22/1990,2.07656763
7/29/1990,-0.37675071
8/5/1990,-0.37675071
8/12/1990,-0.37675071
8/19/1990,2.647783823
8/26/1990,3.010927195
9/2/1990,2.402433346
9/9/1990,2.402433346
9/16/1990,2.402433346
9/23/1990,2.402433346
9/30/1990,2.402433346
10/7/1990,2.753774505
10/14/1990,2.714983225
10/21/1990,2.664030525
10/28/1990,2.879543139
11/4/1990,2.583765368
11/11/1990,1.169968174
11/18/1990,1.169968174
11/25/1990,1.906011625
12/2/1990,1.906011625
12/9/1990,2.607712307
12/16/1990,2.023128946
12/23/1990,2.749187305
12/30/1990,2.809249875
1/6/1991,3.25083458
1/13/1991,3.919710237
1/20/1991,3.21670942
1/27/1991,2.991376723
2/3/1991,2.848817004
2/10/1991,2.81970841
2/17/1991,2.422014996
2/24/1991,2.859072217
3/3/1991,2.949555885
3/10/1991,3.529524031
3/17/1991,3.059968369
3/24/1991,3.449763721
3/31/1991,3.728451183
4/7/1991,2.594679775
4/14/1991,2.620479605
4/21/1991,3.054275905
4/28/1991,2.374656713
5/5/1991,2.981011764
5/12/1991,1.519040039
5/19/1991,2.628531968
5/26/1991,1.61658053
6/2/1991,2.77675928
6/9/1991,2.77675928
6/16/1991,1.771660959
6/23/1991,1.771660959
6/30/1991,1.771660959
7/7/1991,1.771660959
7/14/1991,1.6599162
7/21/1991,2.223054413
7/28/1991,2.223054413
8/4/1991,2.223054413
8/11/1991,-0.853871964
8/18/1991,1.666330744
8/25/1991,1.666330744
9/1/1991,1.444669231
9/8/1991,1.444669231
9/15/1991,1.444669231
9/22/1991,2.64475361
9/29/1991,3.044951126
10/6/1991,3.044951126
10/13/1991,3.044951126
10/20/1991,3.044951126
10/27/1991,0.709269961
11/3/1991,0.709269961
11/10/1991,1.822429624
11/17/1991,1.218797998
11/24/1991,0.922725458
12/1/1991,1.731588765
12/8/1991,1.98403198
12/15/1991,1.960613458
12/22/1991,1.673849977
12/29/1991,2.418500159
1/5/1992,3.456080459
1/12/1992,3.254120097
1/19/1992,3.093537248
1/26/1992,3.001742364
2/2/1992,2.894194177
2/9/1992,2.520771657
2/16/1992,2.49640375
2/23/1992,2.698500713
3/1/1992,3.450650876
3/8/1992,3.664747246
3/15/1992,2.981510552
3/22/1992,2.724824537
3/29/1992,3.099193599
4/5/1992,2.741923342
4/12/1992,2.805419293
4/19/1992,2.805419293
4/26/1992,2.966892296
5/3/1992,2.966892296
5/10/1992,2.966892296
5/17/1992,2.183696809
5/24/1992,2.183696809
5/31/1992,2.963683962
6/7/1992,2.578536067
6/14/1992,3.294247922
6/21/1992,2.716345633
6/28/1992,2.914892951
7/5/1992,3.187153954
7/12/1992,2.019282496
7/19/1992,2.195678299
7/26/1992,2.373573981
8/2/1992,2.373573981
8/9/1992,2.007491733
8/16/1992,2.221048912
8/23/1992,2.221048912
8/30/1992,1.897077003
9/6/1992,2.626073343
9/13/1992,2.626073343
9/20/1992,1.218797998
9/27/1992,1.218797998
10/4/1992,3.098844389
10/11/1992,3.098844389
10/18/1992,3.098844389
10/25/1992,3.098844389
11/1/1992,2.208226306
11/8/1992,3.138905554
11/15/1992,3.254424804
11/22/1992,2.856529516
11/29/1992,3.511557184
12/6/1992,2.885061408
12/13/1992,3.45419064
12/20/1992,2.972327831
12/27/1992,2.845048404
1/3/1993,2.670542705
1/10/1993,3.699671258
1/17/1993,3.346642408
1/24/1993,3.646602691
1/31/1993,3.205702272
2/7/1993,2.748808005
2/14/1993,3.070787532
2/21/1993,3.080323385
2/28/1993,3.036353382
3/7/1993,4.05068555
3/14/1993,3.727927396
3/21/1993,3.054072723
3/28/1993,3.325111146
4/4/1993,3.047146313
4/11/1993,4.106461864
4/18/1993,3.563468033
4/25/1993,2.80813667
5/2/1993,2.788359306
5/9/1993,3.15815736
5/16/1993,0.017033339
5/23/1993,2.286119503
5/30/1993,2.033664963
6/6/1993,2.872097974
6/13/1993,2.217483944
6/20/1993,2.217483944
6/27/1993,2.217483944
7/4/1993,2.217483944
7/11/1993,1.474798819
7/18/1993,1.797682935
7/25/1993,1.797682935
8/1/1993,1.797682935
8/8/1993,1.797682935
8/15/1993,1.797682935
8/22/1993,1.797682935
8/29/1993,1.797682935
9/5/1993,2.279119169
9/12/1993,2.279119169
9/19/1993,2.279119169
9/26/1993,2.279119169
10/3/1993,2.279119169
10/10/1993,2.279119169
10/17/1993,2.279119169
10/24/1993,2.279119169
10/31/1993,2.534749328
11/7/1993,2.672993244
11/14/1993,2.593618308
11/21/1993,2.610500467
11/28/1993,2.610500467
12/5/1993,2.791543287
12/12/1993,2.547639352
12/19/1993,2.872698074
12/26/1993,3.1231621
1/2/1994,3.042138242
1/9/1994,3.098771746
1/16/1994,3.309302194
1/23/1994,3.060735603
1/30/1994,3.260448249
2/6/1994,3.007256893
2/13/1994,3.468037009
2/20/1994,3.21442259
2/27/1994,3.542038255
3/6/1994,3.949356335
3/13/1994,3.098577971
3/20/1994,3.084229419
3/27/1994,3.337005761
4/3/1994,4.037474706
4/10/1994,2.897324629
4/17/1994,3.093516239
4/24/1994,2.795699313
5/1/1994,2.417853505
5/8/1994,2.538510897
5/15/1994,2.030640195
5/22/1994,2.030640195
5/29/1994,2.030640195
6/5/1994,2.279027806
6/12/1994,2.324447086
6/19/1994,2.198327118
6/26/1994,2.722370634
7/3/1994,2.356962311
7/10/1994,2.530353404
7/17/1994,2.722362404
7/24/1994,2.80180146
7/31/1994,2.80180146
8/7/1994,2.80180146
8/14/1994,2.80180146
8/21/1994,2.633205779
8/28/1994,2.633205779
9/4/1994,2.094541001
9/11/1994,2.094541001
9/18/1994,2.094541001
9/25/1994,2.094541001
10/2/1994,2.094541001
10/9/1994,2.094541001
10/16/1994,3.368712601
10/23/1994,1.704407927
10/30/1994,1.704407927
11/6/1994,1.823995591
11/13/1994,1.823995591
11/20/1994,1.161068385
11/27/1994,2.388474208
12/4/1994,1.558348509
12/11/1994,2.238096308
12/18/1994,1.986771734
12/25/1994,2.166962664
1/1/1995,2.267640982
1/8/1995,3.100580748
1/15/1995,3.39648878
1/22/1995,3.630323103
1/29/1995,3.189307799
2/5/1995,3.110973336
2/12/1995,2.07272769
2/19/1995,3.959984362
2/26/1995,3.020804468
3/5/1995,3.747681313
3/12/1995,3.597880489
3/19/1995,2.895068778
3/26/1995,2.78428913
4/2/1995,2.445168133
4/9/1995,0.954724791
4/16/1995,2.696574792
4/23/1995,2.189265669
4/30/1995,2.083645928
5/7/1995,1.872447648
5/14/1995,2.566154549
5/21/1995,1.945074488
5/28/1995,3.008084673
6/4/1995,2.552595219
6/11/1995,3.190692993
6/18/1995,2.937537951
6/25/1995,2.385463272
7/2/1995,4.155244613
7/9/1995,3.209531099
7/16/1995,2.008855564
7/23/1995,2.008855564
7/30/1995,2.008855564
8/6/1995,2.194902674
8/13/1995,2.194902674
8/20/1995,2.328073655
8/27/1995,3.111185194
9/3/1995,3.111185194
9/10/1995,3.111185194
9/17/1995,3.111185194
9/24/1995,3.111185194
10/1/1995,3.111185194
10/8/1995,3.728812187
10/15/1995,2.972452787
10/22/1995,3.176062305
10/29/1995,3.547207168
11/5/1995,3.479475974
11/12/1995,3.831417335
11/19/1995,3.225856975
11/26/1995,2.797669095
12/3/1995,2.004665233
12/10/1995,3.051171824
12/17/1995,3.350939624
12/24/1995,3.043570532
12/31/1995,2.355413204
1/7/1996,3.216060286
1/14/1996,3.166646171
1/21/1996,3.699003878
1/28/1996,3.590489622
2/4/1996,3.666009446
2/11/1996,3.40200503
2/18/1996,3.061433629
2/25/1996,3.561335172
3/3/1996,3.070252189
3/10/1996,3.479475974
3/17/1996,3.163143478
3/24/1996,3.416457433
3/31/1996,3.31219852
4/7/1996,3.23831463
4/14/1996,3.181806443
4/21/1996,2.98842963
4/28/1996,2.807771728
5/5/1996,3.613102575
5/12/1996,3.366751589
5/19/1996,2.955293195
5/26/1996,2.461933504
6/2/1996,3.086420343
6/9/1996,2.117337595
6/16/1996,3.055355393
6/23/1996,2.685293781
6/30/1996,2.502795704
7/7/1996,2.696889099
7/14/1996,2.839151104
7/21/1996,2.931320543
7/28/1996,2.931320543
8/4/1996,1.902927096
8/11/1996,3.325708549
8/18/1996,2.851716868
8/25/1996,2.488113382
9/1/1996,2.579920721
9/8/1996,4.269119566
9/15/1996,3.884547287
9/22/1996,3.39696958
9/29/1996,3.536958466
10/6/1996,3.204247538
10/13/1996,3.852116913
10/20/1996,3.137683189
10/27/1996,2.607197587
11/3/1996,2.24380669
11/10/1996,3.388797221
11/17/1996,2.770078426
11/24/1996,3.155132509
12/1/1996,3.005193387
12/8/1996,3.705060209
12/15/1996,2.606467356
12/22/1996,3.12827646
12/29/1996,3.030838458
1/5/1997,3.270077627
1/12/1997,3.439346907
1/19/1997,3.309940875
1/26/1997,3.194628104
2/2/1997,3.289961109
2/9/1997,3.004239667
2/16/1997,3.860770289
2/23/1997,3.154082977
3/2/1997,2.885451689
3/9/1997,3.051326206
3/16/1997,3.127907824
3/23/1997,3.479578189
3/30/1997,3.098273293
4/6/1997,2.983044132
4/13/1997,2.947090464
4/20/1997,2.593618308
4/27/1997,3.400173478
5/4/1997,3.996238401
5/11/1997,2.039414119
5/18/1997,2.22870826
5/25/1997,2.222300181
6/1/1997,2.701990849
6/8/1997,3.260655622
6/15/1997,2.556929362
6/22/1997,2.084540532
6/29/1997,2.190163552
7/6/1997,1.804616417
7/13/1997,1.804616417
7/20/1997,3.010452611
7/27/1997,3.43328328
8/3/1997,1.368472838
8/10/1997,1.296226287
8/17/1997,2.432985316
8/24/1997,2.432985316
8/31/1997,2.432985316
9/7/1997,2.312262006
9/14/1997,1.787814567
9/21/1997,1.787814567
9/28/1997,1.787814567
10/5/1997,1.787814567
10/12/1997,1.787814567
10/19/1997,2.627673032
10/26/1997,2.627673032
11/2/1997,2.627673032
11/9/1997,2.627673032
11/16/1997,2.562042924
11/23/1997,2.562042924
11/30/1997,1.599992178
12/7/1997,2.533657688
12/14/1997,2.666574136
12/21/1997,2.447095985
12/28/1997,3.129602896
1/4/1998,2.993964998
1/11/1998,3.283025183
1/18/1998,3.831632415
1/25/1998,3.872420267
2/1/1998,3.908517188
2/8/1998,3.996361044
2/15/1998,3.037247165
2/22/1998,3.845537696
3/1/1998,3.129467533
3/8/1998,3.273223574
3/15/1998,3.821294688
3/22/1998,4.320284656
3/29/1998,3.24914942
4/5/1998,2.566696695
4/12/1998,3.152432066
4/19/1998,2.961696297
4/26/1998,2.624024125
5/3/1998,2.624024125
5/10/1998,2.404782419
5/17/1998,2.812512284
5/24/1998,2.580605692
5/31/1998,2.7770061
6/7/1998,2.200385324
6/14/1998,2.379541188
6/21/1998,1.564784385
6/28/1998,1.564784385
7/5/1998,1.564784385
7/12/1998,2.578398505
7/19/1998,1.91624333
7/26/1998,2.655282535
8/2/1998,1.068556895
8/9/1998,1.068556895
8/16/1998,2.747093157
8/23/1998,2.49655605
8/30/1998,2.49655605
9/6/1998,2.596520125
9/13/1998,2.196839146
9/20/1998,1.557988148
9/27/1998,1.557988148
10/4/1998,1.557988148
10/11/1998,1.557988148
10/18/1998,1.557988148
10/25/1998,1.557988148
11/1/1998,1.557988148
11/8/1998,2.081383317
11/15/1998,1.490520309
11/22/1998,1.490520309
11/29/1998,1.774443969
12/6/1998,2.070148736
12/13/1998,2.859096247
12/20/1998,2.963069704
12/27/1998,3.109082216
1/3/1999,3.223677616
1/10/1999,3.657047243
1/17/1999,2.707868119
1/24/1999,3.705249452
1/31/1999,3.709592169
2/7/1999,3.003072596
2/14/1999,2.439916625
2/21/1999,3.193839482
2/28/1999,2.90728772
3/7/1999,2.90728772
3/14/1999,3.081962662
3/21/1999,3.750330166
3/28/1999,3.53735182
4/4/1999,3.608460778
4/11/1999,3.030502572
4/18/1999,3.085458268
4/25/1999,2.580970569
5/2/1999,3.348575482
5/9/1999,2.908549354
5/16/1999,1.969928189
5/23/1999,1.713742478
5/30/1999,2.219217657
6/6/1999,1.058805487
6/13/1999,1.683227206
6/20/1999,3.110104646
6/27/1999,2.309545003
7/4/1999,2.214260867
7/11/1999,1.929163383
7/18/1999,2.474842479
7/25/1999,2.474842479
8/1/1999,1.775901579
8/8/1999,1.775901579
8/15/1999,1.891704676
8/22/1999,1.891704676
8/29/1999,3.559252897
9/5/1999,3.884908028
9/12/1999,4.028219364
9/19/1999,4.341364874
9/26/1999,3.37891003
10/3/1999,4.306343952
10/10/1999,3.032759743
10/17/1999,3.388154508
10/24/1999,2.984702796
10/31/1999,2.984702796
11/7/1999,2.463519723
11/14/1999,2.549995852
11/21/1999,2.549995852
11/28/1999,2.762220776
12/5/1999,2.310990527
12/12/1999,2.642108233
12/19/1999,3.412514306
12/26/1999,2.194153436
1/2/2000,2.317059959
1/9/2000,2.973391123
1/16/2000,3.548393104
1/23/2000,3.124748691
1/30/2000,3.689418973
2/6/2000,3.752751205
2/13/2000,3.44520397
2/20/2000,3.50824144
2/27/2000,3.065505023
3/5/2000,3.177181416
3/12/2000,2.885988458
3/19/2000,2.611670213
3/26/2000,3.194874948
4/2/2000,2.950943852
4/9/2000,2.938084212
4/16/2000,3.176641017
4/23/2000,3.300182295
4/30/2000,3.315027302
5/7/2000,3.219335613
5/14/2000,3.233133234
5/21/2000,2.446645882
5/28/2000,2.993590521
6/4/2000,2.876454559
6/11/2000,1.781108836
6/18/2000,1.781108836
6/25/2000,2.856317959
7/2/2000,2.585596073
7/9/2000,2.585596073
7/16/2000,2.585596073
7/23/2000,2.418814847
7/30/2000,3.830308243
8/6/2000,3.785407432
8/13/2000,2.823441623
8/20/2000,2.823441623
8/27/2000,2.128689994
9/3/2000,3.153211004
9/10/2000,2.07656763
9/17/2000,2.07656763
9/24/2000,2.312219683
10/1/2000,3.010503484
10/8/2000,1.646599752
10/15/2000,1.646599752
10/22/2000,1.646599752
10/29/2000,1.646599752
11/5/2000,1.646599752
11/12/2000,1.646599752
11/19/2000,2.645893645
11/26/2000,1.426836454
12/3/2000,2.438399934
12/10/2000,2.282055371
12/17/2000,2.677606953
12/24/2000,3.005047457
12/31/2000,2.637359622
1/7/2001,2.637359622
1/14/2001,2.208064948
1/21/2001,2.58802507
1/28/2001,2.603490804
2/4/2001,2.439206335
2/11/2001,2.439206335
2/18/2001,3.337201603
2/25/2001,3.17391434
3/4/2001,3.120603541
3/11/2001,3.070108087
3/18/2001,2.559475706
3/25/2001,3.916440261
4/1/2001,3.990529316
4/8/2001,3.433701045
4/15/2001,3.433701045
4/22/2001,3.433701045
4/29/2001,1.920645001
5/6/2001,1.714078165
5/13/2001,2.285557309
5/20/2001,2.416107712
5/27/2001,2.60144068
6/3/2001,3.309138114
6/10/2001,2.277609214
6/17/2001,2.893917038
6/24/2001,2.893917038
7/1/2001,2.893917038
7/8/2001,2.893917038
7/15/2001,2.893917038
7/22/2001,2.893917038
7/29/2001,3.383303602
8/5/2001,2.541317091
8/12/2001,3.197275043
8/19/2001,3.005180513
8/26/2001,1.453012391
9/2/2001,1.999130541
9/9/2001,1.999130541
9/16/2001,1.999130541
9/23/2001,1.999130541
9/30/2001,1.999130541
10/7/2001,1.853272224
10/14/2001,2.565210071
10/21/2001,2.565210071
10/28/2001,2.565210071
11/4/2001,2.565210071
11/11/2001,2.565210071
11/18/2001,0.741939078
11/25/2001,0.741939078
12/2/2001,1.936513742
12/9/2001,1.562173863
12/16/2001,2.575834185
12/23/2001,0.858537198
12/30/2001,2.211067119
1/6/2002,2.69707234
1/13/2002,2.711756629
1/20/2002,3.257354533
1/27/2002,3.612385394
2/3/2002,2.810568529
2/10/2002,3.256619141
2/17/2002,2.73473584
2/24/2002,2.73473584
3/3/2002,2.906388921
3/10/2002,2.320976677
3/17/2002,2.84611434
3/24/2002,2.816121935
3/31/2002,3.225402335
4/7/2002,3.163584725
4/14/2002,2.891938674
4/21/2002,2.342541109
4/28/2002,2.342541109
5/5/2002,2.342541109
5/12/2002,1.171433901
5/19/2002,1.171433901
5/26/2002,1.171433901
6/2/2002,2.23726719
6/9/2002,2.23726719
6/16/2002,1.31827208
6/23/2002,1.31827208
6/30/2002,1.31827208
7/7/2002,1.31827208
7/14/2002,1.31827208
7/21/2002,2.095552896
7/28/2002,1.972295429
8/4/2002,1.972295429
8/11/2002,1.972295429
8/18/2002,1.972295429
8/25/2002,1.972295429
9/1/2002,3.16870957
9/8/2002,2.795678458
9/15/2002,2.795678458
9/22/2002,2.534280005
9/29/2002,2.534280005
10/6/2002,2.534280005
10/13/2002,4.031487236
10/20/2002,3.405592214
10/27/2002,2.827427434
11/3/2002,3.406409021
11/10/2002,3.077422416
11/17/2002,3.441295998
11/24/2002,3.323039543
12/1/2002,2.351022853
12/8/2002,3.659271407
12/15/2002,3.742794236
12/22/2002,3.241152847
12/29/2002,3.444575623
1/5/2003,3.414811292
1/12/2003,2.939364476
1/19/2003,2.67476013
1/26/2003,1.489536629
2/2/2003,3.314151738
2/9/2003,3.44755182
2/16/2003,3.312682892
2/23/2003,3.659213348
3/2/2003,3.872310726
3/9/2003,3.601857997
3/16/2003,2.803122389
3/23/2003,3.856464851
3/30/2003,3.203707207
4/6/2003,3.303820042
4/13/2003,4.127956023
4/20/2003,2.999900101
4/27/2003,3.134658327
5/4/2003,2.272491401
5/11/2003,2.76384711
5/18/2003,2.778209152
5/25/2003,3.75059941
6/1/2003,3.170496406
6/8/2003,3.170496406
6/15/2003,3.067137837
6/22/2003,2.920196399
6/29/2003,2.34684177
7/6/2003,2.34684177
7/13/2003,2.34684177
7/20/2003,3.156146167
7/27/2003,2.851460157
8/3/2003,1.894039001
8/10/2003,2.923332112
8/17/2003,3.301843535
8/24/2003,3.022605682
8/31/2003,2.469424344
9/7/2003,2.469424344
9/14/2003,2.306274875
9/21/2003,2.395675785
9/28/2003,3.164902812
10/5/2003,3.164902812
10/12/2003,3.164902812
10/19/2003,2.552230051
10/26/2003,2.552230051
11/2/2003,2.79800805
11/9/2003,1.624900602
11/16/2003,1.624900602
11/23/2003,3.009569864
11/30/2003,2.13010852
12/7/2003,2.786893325
12/14/2003,3.54675729
12/21/2003,3.35952245
12/28/2003,1.981818607
1/4/2004,1.981818607
1/11/2004,1.981818607
1/18/2004,1.981818607
1/25/2004,1.716670976
2/1/2004,1.716670976
2/8/2004,3.451434868
2/15/2004,3.189414509
2/22/2004,3.2216385
2/29/2004,2.773501208
3/7/2004,3.084869283
3/14/2004,3.084869283
3/21/2004,3.321045114
3/28/2004,2.396582892
4/4/2004,2.88931291
4/11/2004,2.880619259
4/18/2004,2.964773312
4/25/2004,1.905526048
5/2/2004,3.009208609
5/9/2004,3.006380459
5/16/2004,2.080770747
5/23/2004,2.682154105
5/30/2004,2.682154105
6/6/2004,2.682154105
6/13/2004,2.105510185
6/20/2004,2.089940419
6/27/2004,2.499178275
7/4/2004,2.351603072
7/11/2004,2.388438697
7/18/2004,2.611818864
7/25/2004,2.611818864
8/1/2004,3.027712388
8/8/2004,2.87826321
8/15/2004,3.674806965
8/22/2004,3.130838543
8/29/2004,2.544811912
9/5/2004,3.363028769
9/12/2004,2.9160853
9/19/2004,3.258407386
9/26/2004,1.199480915
10/3/2004,1.426023016
10/10/2004,1.764026608
10/17/2004,2.880716437
10/24/2004,2.053193728
10/31/2004,2.283549972
11/7/2004,2.471350396
11/14/2004,2.74196268
11/21/2004,2.405090114
11/28/2004,3.23367369
12/5/2004,2.943588487
12/12/2004,2.30952371
12/19/2004,2.816744922
12/26/2004,2.816744922
1/2/2005,2.012795058
1/9/2005,2.345608951
1/16/2005,3.517239457
1/23/2005,3.517239457
1/30/2005,2.817161956
2/6/2005,3.163745609
2/13/2005,2.721571564
2/20/2005,2.435860286
2/27/2005,3.015929498
3/6/2005,3.383957117
3/13/2005,3.169630356
3/20/2005,3.455888958
3/27/2005,2.954416193
4/3/2005,3.616961526
4/10/2005,3.224071849
4/17/2005,2.840507568
4/24/2005,1.950510893
5/1/2005,1.950510893
5/8/2005,2.746782052
5/15/2005,2.445277192
5/22/2005,2.445277192
5/29/2005,1.100715087
6/5/2005,2.132227661
6/12/2005,1.709778602
6/19/2005,1.709778602
6/26/2005,1.709778602
7/3/2005,1.709778602
7/10/2005,2.444450781
7/17/2005,2.444450781
7/24/2005,2.034267397
7/31/2005,2.034267397
8/7/2005,1.721728199
8/14/2005,2.960228114
8/21/2005,1.800854492
8/28/2005,1.800854492
9/4/2005,1.800854492
9/11/2005,1.800854492
9/18/2005,1.842047289
9/25/2005,1.842047289
10/2/2005,1.842047289
10/9/2005,2.691337924
10/16/2005,1.27600199
10/23/2005,1.27600199
10/30/2005,1.27600199
11/6/2005,1.825685708
11/13/2005,1.591843411
11/20/2005,1.98811284
11/27/2005,2.923005558
12/4/2005,2.735103649
12/11/2005,3.286575469
12/18/2005,3.420008587
12/25/2005,2.999543751
1/1/2006,2.855016125
1/8/2006,3.07955024
1/15/2006,3.019560747
1/22/2006,3.055565619
1/29/2006,2.754447723
2/5/2006,3.151041783
2/12/2006,2.903903527
2/19/2006,2.572116156
2/26/2006,2.934367133
3/5/2006,2.139784664
3/12/2006,2.482530584
3/19/2006,2.302504092
3/26/2006,2.763996697
4/2/2006,1.626545659
4/9/2006,2.485252817
4/16/2006,2.37276476
4/23/2006,2.644674876
4/30/2006,3.295850673
5/7/2006,2.827388661
5/14/2006,2.385463272
5/21/2006,1.99175754
5/28/2006,1.99175754
6/4/2006,2.793636749
6/11/2006,2.83421718
6/18/2006,4.010100152
6/25/2006,3.268877382
7/2/2006,3.435379256
7/9/2006,3.355878516
7/16/2006,2.697395006
7/23/2006,2.352934644
7/30/2006,1.450095076
8/6/2006,1.450095076
8/13/2006,1.450095076
8/20/2006,1.450095076
8/27/2006,1.450095076
9/3/2006,3.215246178
9/10/2006,3.509639286
9/17/2006,2.21735232
9/24/2006,2.21735232
10/1/2006,2.522444234
10/8/2006,2.215796133
10/15/2006,2.389538177
10/22/2006,2.905536845
10/29/2006,2.911008378
11/5/2006,2.541079768
11/12/2006,3.806973871
11/19/2006,3.951852634
11/26/2006,3.919534646
12/3/2006,2.067182486
12/10/2006,2.067182486
12/17/2006,2.731910942
12/24/2006,3.036632887
12/31/2006,3.759409457
1/7/2007,3.500122533
1/14/2007,3.24940628
1/21/2007,2.952172271
1/28/2007,3.407494579
2/4/2007,2.992747869
2/11/2007,2.517050669
2/18/2007,3.16501866
2/25/2007,2.833599665
3/4/2007,3.498477346
3/11/2007,2.696801815
3/18/2007,3.597202487
3/25/2007,2.733020621
4/1/2007,2.690009914
4/8/2007,2.332721164
4/15/2007,3.508677825
4/22/2007,3.620194374
4/29/2007,2.705889359
5/6/2007,1.23146959
5/13/2007,3.00685951
5/20/2007,2.528235172
5/27/2007,2.528235172
6/3/2007,2.71255711
6/10/2007,2.71255711
6/17/2007,2.71255711
6/24/2007,2.71255711
7/1/2007,2.303520037
7/8/2007,2.303520037
7/15/2007,1.582290683
7/22/2007,2.111027151
7/29/2007,2.642988523
8/5/2007,1.223495941
8/12/2007,1.223495941
8/19/2007,2.092510112
8/26/2007,2.137543995
9/2/2007,2.137543995
9/9/2007,2.137543995
9/16/2007,2.188225173
9/23/2007,1.30920418
9/30/2007,1.30920418
10/7/2007,1.30920418
10/14/2007,1.30920418
10/21/2007,1.30920418
10/28/2007,3.324996088
11/4/2007,1.218797998
11/11/2007,1.218797998
11/18/2007,2.148540961
11/25/2007,2.179982425
12/2/2007,2.102639484
12/9/2007,1.528659645
12/16/2007,2.60773374
12/23/2007,2.286927785
12/30/2007,3.176565828
1/6/2008,3.145587934
1/13/2008,2.58988261
1/20/2008,2.666602211
1/27/2008,2.293296245
2/3/2008,2.723069643
2/10/2008,2.754042387
2/17/2008,2.749728588
2/24/2008,2.978582202
3/2/2008,2.736253042
3/9/2008,3.815209704
3/16/2008,3.214038067
3/23/2008,2.920222493
3/30/2008,2.302525733
4/6/2008,3.695908756
4/13/2008,3.204334363
4/20/2008,2.631839324
4/27/2008,2.763300682
5/4/2008,3.246764394
5/11/2008,2.901343875
5/18/2008,2.860002422
5/25/2008,2.315697514
6/1/2008,2.861116044
6/8/2008,2.861116044
6/15/2008,2.861116044
6/22/2008,1.946746935
6/29/2008,1.946746935
7/6/2008,3.526686832
7/13/2008,3.011536612
7/20/2008,3.011536612
7/27/2008,0.662757832
8/3/2008,0.662757832
8/10/2008,0.662757832
8/17/2008,0.662757832
8/24/2008,0.662757832
8/31/2008,3.439007246
9/7/2008,4.048245589
9/14/2008,2.974847761
9/21/2008,2.741474638
9/28/2008,3.597415437
10/5/2008,2.963792548
10/12/2008,2.397783635
10/19/2008,1.890979597
10/26/2008,2.003072596
11/2/2008,2.003072596
11/9/2008,2.560516363
11/16/2008,2.895864351
11/23/2008,2.088844563
11/30/2008,3.019498468
12/7/2008,3.041511113
12/14/2008,3.687565522
12/21/2008,3.195473447
12/28/2008,3.23843002
1/4/2009,2.725658492
1/11/2009,3.558982018
1/18/2009,2.551535385
1/25/2009,2.788811556
2/1/2009,3.032703355
2/8/2009,2.998991266
2/15/2009,2.610766595
2/22/2009,2.812478845
3/1/2009,3.49058768
3/8/2009,3.637561772
3/15/2009,3.53992503
3/22/2009,3.747172453
3/29/2009,3.697906419
4/5/2009,3.309082697
4/12/2009,3.024670347
4/19/2009,2.816546194
4/26/2009,2.716212089
5/3/2009,2.073425057
5/10/2009,2.779654201
5/17/2009,2.348012638
5/24/2009,2.348012638
5/31/2009,2.777781943
6/7/2009,3.02195794
6/14/2009,2.950062886
6/21/2009,2.951546357
6/28/2009,2.951546357
7/5/2009,2.951546357
7/12/2009,2.951546357
7/19/2009,1.77524626
7/26/2009,2.316138156
8/2/2009,2.316138156
8/9/2009,2.316138156
8/16/2009,2.316138156
8/23/2009,2.543248316
8/30/2009,1.86332286
9/6/2009,1.86332286
9/13/2009,1.86332286
9/20/2009,1.86332286
9/27/2009,3.102269013
10/4/2009,2.255513713
10/11/2009,2.255513713
10/18/2009,2.287891266
10/25/2009,2.287891266
11/1/2009,2.925147008
11/8/2009,2.351409752
11/15/2009,4.035591818
11/22/2009,3.071289048
11/29/2009,3.524821769
12/6/2009,3.97036873
12/13/2009,3.710420334
12/20/2009,3.597638154
12/27/2009,2.477627636
1/3/2010,2.990720582
